date,symbol,isin,close,adj_close,avg_turnover_63,target_2x,p_raw,p_cal,p_dd30,asymmetry,model_dispersion,dd_model_dispersion,p05,p50,p95,p_conservative,hit25_6m_raw,hit25_6m_dispersion,hit25_6m_cal_raw,hit50_6m_raw,hit50_6m_dispersion,hit50_6m_cal_raw,p_dd30_cal,p100_cal,p50_cal,p25_cal,selected_v941,selection_score_v941,selection_rank_v941,production_risk_config,production_share_p100,production_share_p50,production_share_p25,production_p50_allowed,production_p25_allowed,production_p50_pr_auc_lift,production_p25_pr_auc_lift,production_p50_calibration_slope,production_p25_calibration_slope
2026-10-01,SHREEJISPG,INE1B6101010,775.35,775.35,670857547.826984,1550.7,0.5610007798175035,0.08253648716658277,0.20914542728635682,0.3946368239434459,0.0030212336542907656,0.08148308596956086,0.061646195984026625,0.07972016879249236,0.10420675561775417,0.061646195984026625,0.548814227133764,0.046440796664566346,0.548814227133764,0.5360555560242308,0.028222913627603513,0.2165845172513772,0.20914542728635682,0.08253648716658277,0.2165845172513772,0.548814227133764,True,0.7080508474576271,1.0,N100_drop0.50_s0.05_c0.10,1.0,0.0,0.0,False,False,1.0076350248507868,0.954132397162075,-0.1876376025529042,-0.48833452937494215
2026-10-01,SHIVAUM,INE719F01016,554.6,554.6,22322379.666666668,1109.2,0.5521603120885782,0.08253648716658277,0.17405872498016048,0.47418758913688713,0.028969321326520234,0.10628647970355129,0.057686984990832336,0.07841666318923268,0.1015675114865866,0.057686984990832336,0.5605644115583441,0.07033879703299478,0.5605644115583441,0.5055873781027159,0.0015235251654238606,0.20307205782697085,0.17405872498016048,0.08253648716658277,0.20307205782697085,0.5605644115583441,True,0.6978813559322035,2.0,N100_drop0.50_s0.05_c0.10,1.0,0.0,0.0,False,False,1.0076350248507868,0.954132397162075,-0.1876376025529042,-0.48833452937494215
2026-10-01,KAMDHENU,INE390H01020,37.59,37.59,32442164.912063494,75.18,0.5547361119868413,0.08253648716658277,0.17405872498016048,0.47418758913688713,0.0445239169332287,0.1386959465627158,0.058304510857398704,0.0788188099398434,0.10214065743958092,0.058304510857398704,0.5533954663814069,0.06393710687138887,0.5533954663814069,0.5283340242784641,0.03146280836043477,0.2165845172513772,0.17405872498016048,0.08253648716658277,0.2165845172513772,0.5533954663814069,True,0.6843220338983051,3.0,N100_drop0.50_s0.05_c0.10,1.0,0.0,0.0,False,False,1.0076350248507868,0.954132397162075,-0.1876376025529042,-0.48833452937494215
2026-10-01,ARROWGREEN,INE570D01018,865.2,865.2,30844865.49126984,1730.4,0.5710407537812769,0.08253648716658277,0.17405872498016048,0.47418758913688713,0.04622458434669991,0.110574519021791,0.06234168676668984,0.08131295948234173,0.10827175823503174,0.06234168676668984,0.5563410847532232,0.06369812049375681,0.5563410847532232,0.5149121873618957,0.009582869509608781,0.2165845172513772,0.17405872498016048,0.08253648716658277,0.2165845172513772,0.5563410847532232,True,0.6826271186440678,4.0,N100_drop0.50_s0.05_c0.10,1.0,0.0,0.0,False,False,1.0076350248507868,0.954132397162075,-0.1876376025529042,-0.48833452937494215
2026-10-01,SUNFLAG,INE947A01014,433.5,433.5,144990731.1404762,867.0,0.5557083484868537,0.08253648716658277,0.19790675547098002,0.4170473462119158,0.030734609630057502,0.10213823881430806,0.058304510857398704,0.0788188099398434,0.10214065743958092,0.058304510857398704,0.544209974700233,0.04394386281740595,0.544209974700233,0.5392112979816148,0.04392434964741526,0.2165845172513772,0.19790675547098002,0.08253648716658277,0.2165845172513772,0.544209974700233,True,0.6813559322033899,5.0,N100_drop0.50_s0.05_c0.10,1.0,0.0,0.0,False,False,1.0076350248507868,0.954132397162075,-0.1876376025529042,-0.48833452937494215
2026-10-01,SKYGOLD,INE01IU01018,810.65,810.65,820577689.6579366,1621.3,0.5550364382266891,0.08253648716658277,0.17405872498016048,0.47418758913688713,0.04981012299055274,0.11912271505511646,0.058304510857398704,0.0788188099398434,0.10214065743958092,0.058304510857398704,0.5567140231733076,0.06727558736556238,0.5567140231733076,0.5425679217676013,0.049987806779878255,0.2165845172513772,0.17405872498016048,0.08253648716658277,0.2165845172513772,0.5567140231733076,True,0.6809322033898305,6.0,N100_drop0.50_s0.05_c0.10,1.0,0.0,0.0,False,False,1.0076350248507868,0.954132397162075,-0.1876376025529042,-0.48833452937494215
2026-10-01,TIRUPATIFL,INE319Y01024,75.16,75.16,35215720.36365079,150.32,0.5612681040521634,0.08253648716658277,0.17405872498016048,0.47418758913688713,0.05121086854123648,0.12243399851961484,0.061646195984026625,0.07972016879249236,0.10420675561775417,0.061646195984026625,0.560954270561754,0.07382767268296789,0.560954270561754,0.5307586482127805,0.033829679568217634,0.2165845172513772,0.17405872498016048,0.08253648716658277,0.2165845172513772,0.560954270561754,True,0.6792372881355933,7.0,N100_drop0.50_s0.05_c0.10,1.0,0.0,0.0,False,False,1.0076350248507868,0.954132397162075,-0.1876376025529042,-0.48833452937494215
2026-10-01,IRISDOREME,INE01GN01025,60.46,60.46,58891504.52174603,120.92,0.5593240159574808,0.08253648716658277,0.17405872498016048,0.47418758913688713,0.052483137315785015,0.12409473412630531,0.061646195984026625,0.07967141760733423,0.10420675561775417,0.061646195984026625,0.550846336977526,0.059767534931115966,0.550846336977526,0.5365912732080502,0.04169282769544578,0.2165845172513772,0.17405872498016048,0.08253648716658277,0.2165845172513772,0.550846336977526,True,0.6758474576271187,8.0,N100_drop0.50_s0.05_c0.10,1.0,0.0,0.0,False,False,1.0076350248507868,0.954132397162075,-0.1876376025529042,-0.48833452937494215
2026-10-01,UYFINCORP,INE152C01025,22.86,22.86,6954469.170634921,45.72,0.56101455642499,0.08253648716658277,0.17405872498016048,0.47418758913688713,0.054458115604195674,0.13299189594769711,0.061646195984026625,0.07972016879249236,0.10420675561775417,0.061646195984026625,0.5746574541687589,0.09380031835214157,0.5746574541687589,0.5480545644263627,0.05814251356259813,0.22681134056702834,0.17405872498016048,0.08253648716658277,0.22681134056702834,0.5746574541687589,True,0.6724576271186441,9.0,N100_drop0.50_s0.05_c0.10,1.0,0.0,0.0,False,False,1.0076350248507868,0.954132397162075,-0.1876376025529042,-0.48833452937494215
2026-10-01,GLOBAL,INE291W01037,136.51,136.51,16988392.440793652,273.02,0.5788599609620703,0.08253648716658277,0.17405872498016048,0.47418758913688713,0.0585345826197284,0.150695474840768,0.06431757339120363,0.08335454235445902,0.11011946323841536,0.06431757339120363,0.5456857243062395,0.04700679729452071,0.5456857243062395,0.509308359452608,0.002791261035628112,0.20307205782697085,0.17405872498016048,0.08253648716658277,0.20307205782697085,0.5456857243062395,True,0.6690677966101696,10.0,N100_drop0.50_s0.05_c0.10,1.0,0.0,0.0,False,False,1.0076350248507868,0.954132397162075,-0.1876376025529042,-0.48833452937494215
