date,symbol,isin,close,adj_close,avg_turnover_63,target_2x,p_raw,p_cal,p_dd30,asymmetry,model_dispersion,dd_model_dispersion,p05,p50,p95,p_conservative,p_fund_raw,p_fund_cal,fund_model_dispersion,fund_quality_completeness,fund_age_days,fund_specialized_financial,fund_mapping_score,fund_mapped_fields,fund_concept_mapping_fraction,fund_synthetic_context,p_dd30_cal,selected_v95,selection_rank_v95,selection_score_v95,production_fund_weight,production_fund_gate_passed,production_candidate_coverage,production_risk_config,selected_v95_stable,selection_rank_v95_stable,selection_score_v95_stable,production_fund_weight_stable,production_fund_gate_stable,production_candidate_coverage_stable
2026-09-29,BAFNAPH,INE878I01022,364.15,364.15,5003316.970793651,728.3,0.5445712766760777,0.1026442574851018,0.1386403001119032,0.7403637860149807,0.2936675645399729,0.0099460474338254,0.0715325923984512,0.1025814893773413,0.1392253808175929,0.0715325923984512,,,,0.1304347826086956,2373.0,0.0,0.9025,6.0,0.1956521739130435,1.0,0.1386403001119032,True,1.0,0.952,0.0,False,0.9,N100_drop0.50_s0.15_c0.05,True,1.0,0.952,0.0,True,0.9
2026-09-29,MAHASTEEL,INE451L01014,1201.6,1201.6,14812298.308730155,2403.2,0.540861492206183,0.1011801554395285,0.1541482716803485,0.6563820296950331,0.2949000630175746,0.0826565080374455,0.0706597815562178,0.1011803864062842,0.1371301062786621,0.0706597815562178,0.3326430451235958,0.041322689803121336,0.2888576884627471,0.6956521739130435,91.0,0.0,0.9025,6.0,0.1764705882352941,0.0,0.1541482716803485,True,2.0,0.926,0.0,False,0.9,N100_drop0.50_s0.15_c0.05,True,2.0,0.9259999999999999,0.0,True,0.9
2026-09-29,OCCLLTD,INE0PK601023,178.52,178.52,13270006.515396826,357.04,0.4992101235143326,0.0860488285730483,0.1961201422439854,0.4387556912231808,0.257906443264579,0.0471171592966707,0.0612364919949105,0.0856446571230178,0.1145588420200976,0.0612364919949105,0.419055194922226,0.0454137743255064,0.3000330876502493,0.6956521739130435,91.0,0.0,0.9025,6.0,0.173076923076923,0.0,0.1961201422439854,True,3.0,0.849,0.0,False,0.9,N100_drop0.50_s0.15_c0.05,True,3.0,0.849,0.0,True,0.9
2026-09-29,VALIANTLAB,INE0JWS01017,122.19,122.19,11067357.45,244.38,0.517474730934681,0.0924023330091184,0.2387564137645393,0.3870150818241276,0.267223040864222,0.0067760816269282,0.0652509115909878,0.091717468995151,0.1237620673329734,0.0652509115909878,0.3887035282304202,0.0438374875581565,0.3539291637163141,0.6956521739130435,91.0,0.0,0.9025,6.0,0.1636363636363636,0.0,0.2387564137645393,True,4.0,0.8019999999999999,0.0,False,0.9,N100_drop0.50_s0.15_c0.05,True,4.0,0.8019999999999999,0.0,True,0.9
2026-09-29,UNITEDPOLY,INE368U01029,46.87,46.87,5447527.743492063,93.74,0.4970743528538559,0.0853325423350732,0.2097666358834199,0.4067974965403826,0.2529965653045822,0.016991661362116,0.0607793238669431,0.0849450452567997,0.1135582425758073,0.0607793238669431,0.3119718224593659,0.04053772449843639,0.2317310322874459,0.6956521739130435,182.0,0.0,0.92,10.0,0.1213389121338912,0.0,0.2097666358834199,True,5.0,0.8019999999999999,0.0,False,0.9,N100_drop0.50_s0.15_c0.05,True,5.0,0.8019999999999999,0.0,True,0.9
2026-09-29,NRL,INE0JM501013,160.0,160.0,12282982.104761906,320.0,0.5085618509276426,0.0892499204089823,0.2402326685376298,0.3715145028037779,0.2688831177743154,0.1225822653907366,0.0633968166756982,0.0887477844397062,0.1192931794759825,0.0633968166756982,0.4894289287619225,0.05083396751684943,0.2619054215364175,0.6956521739130435,91.0,0.0,0.9025,6.0,0.1475409836065573,0.0,0.2402326685376298,True,6.0,0.7819999999999999,0.0,False,0.9,N100_drop0.50_s0.15_c0.05,True,6.0,0.7819999999999999,0.0,True,0.9
2026-09-29,KAPSTON,INE542Z01028,555.7,555.7,61355944.124603175,1111.4,0.4880019464812405,0.0823491078656841,0.2207942405126333,0.3729676447831631,0.2539536706834842,0.0628496563636804,0.0588961621309987,0.0820455430117557,0.1089051452511779,0.0588961621309987,0.3986342096703088,0.04424063610731817,0.3470726710226722,0.6956521739130435,91.0,0.0,0.9025,6.0,0.1607142857142857,0.0,0.2207942405126333,True,7.0,0.7639999999999999,0.0,False,0.9,N100_drop0.50_s0.15_c0.05,True,7.0,0.7639999999999999,0.0,True,0.9
2026-09-29,UNIVASTU,INE562X01013,126.63,126.63,19452079.319841277,253.26,0.4838064783766773,0.0810010576803856,0.2132576328414764,0.3798272380740399,0.241129626163159,0.0597146551696934,0.0581916607409706,0.0806671745618189,0.1068086834688937,0.0581916607409706,0.1879060173879503,0.03569698020745988,0.1308479021370626,0.6956521739130435,91.0,0.0,0.9025,6.0,0.1666666666666666,0.0,0.2132576328414764,True,8.0,0.7619999999999999,0.0,False,0.9,N100_drop0.50_s0.15_c0.05,True,8.0,0.7619999999999999,0.0,True,0.9
2026-09-29,SHILPAMED,INE790G01031,1055.75,1055.75,1347218000.6309526,2111.5,0.4779498110189528,0.0791516594895639,0.1892781696089146,0.4181763784651265,0.2573193676575785,0.0610656985808922,0.0570354977038771,0.0790080851405195,0.1038202423388467,0.0570354977038771,0.356894441178145,0.04222469632468272,0.3036333688712809,0.6956521739130435,91.0,0.0,0.9025,6.0,0.1636363636363636,0.0,0.1892781696089146,True,9.0,0.75,0.0,False,0.9,N100_drop0.50_s0.15_c0.05,True,9.0,0.75,0.0,True,0.9
2026-09-29,GULFPETRO,INE586G01017,60.51,60.51,11800159.35968254,121.02,0.497961887346208,0.085629544126537,0.2436799887755544,0.3514016253727242,0.2526947482926161,0.0584099653093482,0.0609689156151,0.08523086581654,0.113973122507779,0.0609689156151,,,,0.3043478260869565,91.0,0.0,0.9025,6.0,0.1168831168831168,0.0,0.2436799887755544,True,10.0,0.747,0.0,False,0.9,N100_drop0.50_s0.15_c0.05,True,10.0,0.747,0.0,True,0.9
