date,universe_symbols,event_rows_180d,event_symbols_180d,event_symbol_coverage,primary_event_symbols_180d,primary_event_symbol_coverage,financial_symbols_any,financial_symbol_coverage,symbols_5q_plus,symbols_8q_plus,symbols_12q_plus,symbols_5y_plus,symbols_7y_plus,shareholding_symbols_recent,shareholding_coverage,insider_symbols_180d,insider_coverage,pit_violations,fold_reconstructable
2017-06-30,951,22228,944,0.9926393270241851,944,0.9926393270241851,942,0.9905362776025236,905,401,0,0,0,0,0.0,537,0.5646687697160884,0,False
2017-12-29,1025,23889,1019,0.9941463414634146,1019,0.9941463414634146,1017,0.9921951219512195,1013,928,0,0,0,0,0.0,547,0.5336585365853659,0,False
2018-06-29,860,23414,858,0.9976744186046511,858,0.9976744186046511,852,0.9906976744186047,840,824,362,0,0,0,0.0,493,0.5732558139534883,0,False
2018-12-31,749,21595,746,0.9959946595460614,746,0.9959946595460614,740,0.9879839786381842,727,711,648,0,0,0,0.0,442,0.5901201602136181,0,False
2019-06-28,716,24551,713,0.9958100558659218,713,0.9958100558659218,707,0.9874301675977654,694,673,650,0,0,0,0.0,439,0.6131284916201117,0,False
2019-12-31,663,22239,660,0.995475113122172,660,0.995475113122172,654,0.9864253393665159,638,621,600,0,0,0,0.0,380,0.5731523378582202,0,False
2020-06-30,705,23170,697,0.9886524822695035,697,0.9886524822695035,691,0.9801418439716312,678,664,643,0,0,0,0.0,410,0.5815602836879432,0,False
2020-12-31,863,31653,849,0.9837775202780996,849,0.9837775202780996,843,0.9768250289687138,824,801,780,0,0,0,0.0,457,0.52954808806489,0,False
2021-06-30,1046,35329,1032,0.9866156787762906,1032,0.9866156787762906,1025,0.9799235181644359,993,961,934,0,0,0,0.0,554,0.5296367112810707,0,False
2021-12-31,1079,40575,1065,0.9870250231696015,1065,0.9870250231696015,1056,0.9786839666357738,1011,986,942,0,0,0,0.0,498,0.46153846153846156,0,False
2022-06-30,1087,44012,1069,0.983440662373505,1069,0.983440662373505,1061,0.9760809567617296,999,940,907,0,0,827,0.7608095676172953,480,0.44158233670653174,0,True
2022-12-30,1123,46304,1103,0.9821905609973286,1103,0.9821905609973286,1095,0.97506678539626,1025,962,910,0,0,865,0.7702582368655387,429,0.38201246660730187,0,True
2023-06-30,1147,51028,1136,0.990409764603313,1136,0.990409764603313,1125,0.980819529206626,1075,990,915,0,0,882,0.7689625108979947,423,0.3687881429816914,0,True
2023-12-29,1276,59279,1272,0.9968652037617555,1272,0.9968652037617555,1264,0.9905956112852664,1209,1145,1034,0,0,1006,0.7884012539184952,441,0.3456112852664577,0,True
2024-06-28,1322,61965,1321,0.9992435703479576,1321,0.9992435703479576,1313,0.9931921331316188,1241,1176,1067,0,0,1047,0.791981845688351,455,0.3441754916792738,0,True
2024-12-31,1345,64751,1344,0.9992565055762082,1344,0.9992565055762082,1335,0.9925650557620818,1280,1195,1111,0,0,1067,0.7933085501858737,437,0.324907063197026,0,True
2025-06-30,1298,57055,1298,1.0,1298,1.0,1289,0.9930662557781201,1200,1105,1042,0,0,1027,0.7912172573189522,390,0.300462249614792,0,True
2025-12-31,1314,59177,1314,1.0,1314,1.0,1281,0.9748858447488584,1176,1082,1017,0,0,1042,0.7929984779299848,387,0.2945205479452055,0,True
