name,veto_q,confirm_q,confirm_bonus,folds,mean_precision_2x,median_precision_2x,mean_capped_lift_2x,hit_fold_rate,hit_folds,mean_dd30_rate,median_dd30_rate,mean_coverage,applied_folds,feasible,utility,utility_gain,required_precision,required_lift,required_hit,required_median_precision
confirm70_b10,0.0,0.7,0.1,9,0.13333333333333333,0.1,3.2171427963911623,0.5555555555555556,5,0.3333333333333333,0.2,0.8876543209876542,9,True,1.0965384445744097,0.09653844457440974,0.11611111111111111,2.6149070557485588,0.5277777777777778,0.095
confirm80_b10,0.0,0.8,0.1,9,0.13333333333333333,0.1,3.2171427963911623,0.5555555555555556,5,0.3333333333333333,0.2,0.8876543209876542,9,True,1.0965384445744097,0.09653844457440974,0.11611111111111111,2.6149070557485588,0.5277777777777778,0.095
veto10,0.1,1.0,0.0,9,0.12222222222222223,0.1,2.944425634785112,0.5555555555555556,5,0.3333333333333333,0.2,0.8876543209876542,9,True,1.0209518472374457,0.020951847237445698,0.11611111111111111,2.6149070557485588,0.5277777777777778,0.095
veto10_confirm70_b2,0.1,0.7,0.02,9,0.12222222222222223,0.1,2.944425634785112,0.5555555555555556,5,0.3333333333333333,0.2,0.8876543209876542,9,True,1.0209518472374457,0.020951847237445698,0.11611111111111111,2.6149070557485588,0.5277777777777778,0.095
veto10_confirm70_b5,0.1,0.7,0.05,9,0.12222222222222223,0.1,2.944425634785112,0.5555555555555556,5,0.3333333333333333,0.2,0.8876543209876542,9,True,1.0209518472374457,0.020951847237445698,0.11611111111111111,2.6149070557485588,0.5277777777777778,0.095
veto10_confirm80_b2,0.1,0.8,0.02,9,0.12222222222222223,0.1,2.944425634785112,0.5555555555555556,5,0.3333333333333333,0.2,0.8876543209876542,9,True,1.0209518472374457,0.020951847237445698,0.11611111111111111,2.6149070557485588,0.5277777777777778,0.095
veto10_confirm80_b5,0.1,0.8,0.05,9,0.12222222222222223,0.1,2.944425634785112,0.5555555555555556,5,0.3333333333333333,0.2,0.8876543209876542,9,True,1.0209518472374457,0.020951847237445698,0.11611111111111111,2.6149070557485588,0.5277777777777778,0.095
baseline,0.0,1.0,0.0,9,0.12222222222222223,0.1,2.75253374289322,0.5555555555555556,5,0.3222222222222222,0.2,0.8876543209876542,0,True,1.0,0.0,0.11611111111111111,2.6149070557485588,0.5277777777777778,0.095
confirm60_b2,0.0,0.6,0.02,9,0.12222222222222223,0.1,2.75253374289322,0.5555555555555556,5,0.3222222222222222,0.2,0.8876543209876542,9,True,1.0,0.0,0.11611111111111111,2.6149070557485588,0.5277777777777778,0.095
confirm70_b2,0.0,0.7,0.02,9,0.12222222222222223,0.1,2.75253374289322,0.5555555555555556,5,0.3222222222222222,0.2,0.8876543209876542,9,True,1.0,0.0,0.11611111111111111,2.6149070557485588,0.5277777777777778,0.095
confirm80_b2,0.0,0.8,0.02,9,0.12222222222222223,0.1,2.75253374289322,0.5555555555555556,5,0.3222222222222222,0.2,0.8876543209876542,9,True,1.0,0.0,0.11611111111111111,2.6149070557485588,0.5277777777777778,0.095
confirm80_b5,0.0,0.8,0.05,9,0.12222222222222223,0.1,2.75253374289322,0.5555555555555556,5,0.3222222222222222,0.2,0.8876543209876542,9,True,1.0,0.0,0.11611111111111111,2.6149070557485588,0.5277777777777778,0.095
confirm60_b5,0.0,0.6,0.05,9,0.12222222222222223,0.1,2.75253374289322,0.5555555555555556,5,0.3333333333333333,0.2,0.8876543209876542,9,True,0.996551724137931,-0.0034482758620689724,0.11611111111111111,2.6149070557485588,0.5277777777777778,0.095
confirm70_b5,0.0,0.7,0.05,9,0.12222222222222223,0.1,2.75253374289322,0.5555555555555556,5,0.3333333333333333,0.2,0.8876543209876542,9,True,0.996551724137931,-0.0034482758620689724,0.11611111111111111,2.6149070557485588,0.5277777777777778,0.095
veto20,0.2,1.0,0.0,9,0.1111111111111111,0.1,2.944425634785112,0.5555555555555556,5,0.32222222222222224,0.2,0.8876543209876542,9,False,0.9834910321904236,-0.016508967809576447,0.11611111111111111,2.6149070557485588,0.5277777777777778,0.095
veto30,0.3,1.0,0.0,9,0.1111111111111111,0.1,2.944425634785112,0.5555555555555556,5,0.32222222222222224,0.2,0.8876543209876542,9,False,0.9834910321904236,-0.016508967809576447,0.11611111111111111,2.6149070557485588,0.5277777777777778,0.095
veto20_confirm70_b2,0.2,0.7,0.02,9,0.1111111111111111,0.1,2.944425634785112,0.5555555555555556,5,0.32222222222222224,0.2,0.8876543209876542,9,False,0.9834910321904236,-0.016508967809576447,0.11611111111111111,2.6149070557485588,0.5277777777777778,0.095
veto20_confirm80_b2,0.2,0.8,0.02,9,0.1111111111111111,0.1,2.944425634785112,0.5555555555555556,5,0.32222222222222224,0.2,0.8876543209876542,9,False,0.9834910321904236,-0.016508967809576447,0.11611111111111111,2.6149070557485588,0.5277777777777778,0.095
veto20_confirm80_b5,0.2,0.8,0.05,9,0.1111111111111111,0.1,2.944425634785112,0.5555555555555556,5,0.32222222222222224,0.2,0.8876543209876542,9,False,0.9834910321904236,-0.016508967809576447,0.11611111111111111,2.6149070557485588,0.5277777777777778,0.095
veto20_confirm70_b5,0.2,0.7,0.05,9,0.1111111111111111,0.1,2.944425634785112,0.5555555555555556,5,0.3333333333333333,0.2,0.8876543209876542,9,False,0.9800427563283546,-0.01995724367164542,0.11611111111111111,2.6149070557485588,0.5277777777777778,0.095
confirm60_b10,0.0,0.6,0.1,9,0.1111111111111111,0.1,2.636717927077404,0.5555555555555556,5,0.34444444444444444,0.2,0.8876543209876542,9,False,0.9374677311663859,-0.06253226883361407,0.11611111111111111,2.6149070557485588,0.5277777777777778,0.095
