date,policy,overlay_applied,prior_fund_gate,prior_fund_folds,current_coverage,eligible_prior_folds,train_utility_gain,train_precision
2017-06-30,baseline,False,False,0,0.0,0,,
2017-12-29,baseline,False,False,0,0.0,0,,
2018-06-29,baseline,False,False,0,0.0,0,,
2018-12-31,baseline,False,False,0,0.0,0,,
2019-06-28,baseline,False,False,0,0.0,0,,
2019-12-31,baseline,False,False,0,0.0,0,,
2020-06-30,baseline,False,False,0,0.0,0,,
2020-12-31,baseline,False,False,0,0.0,0,,
2021-06-30,baseline,False,False,0,0.0,0,,
2021-12-31,baseline,False,False,0,0.8888888888888888,0,,
2022-06-30,baseline,False,False,1,0.9,1,,
2022-12-30,baseline,False,False,2,0.86,2,,
2023-06-30,baseline,False,False,3,0.82,3,,
2023-12-29,baseline,False,False,4,0.92,4,,
2024-06-28,baseline,False,False,5,0.86,5,,
2024-12-31,baseline,False,False,6,0.94,6,,
2025-06-30,baseline,False,False,7,0.88,7,,
2025-12-31,confirm70_b10,True,True,8,0.92,8,0.09563889434952211,0.15
