date,symbol,isin,close,adj_close,avg_turnover_63,target_2x,p_raw,p_cal,p_dd30,asymmetry,model_dispersion,dd_model_dispersion,p05,p50,p95,p_conservative,hit25_6m_raw,hit25_6m_dispersion,hit25_6m_cal_raw,hit50_6m_raw,hit50_6m_dispersion,hit50_6m_cal_raw,p_dd30_cal,p100_cal,p50_cal,p25_cal,selected_v941,selection_score_v941,selection_rank_v941,production_risk_config,production_share_p100,production_share_p50,production_share_p25,production_p50_allowed,production_p25_allowed,production_p50_pr_auc_lift,production_p25_pr_auc_lift,production_p50_calibration_slope,production_p25_calibration_slope,production_selected,production_rank,production_selection_score,ret_20,ret_60,ret_120,ret_252,mom_accel,turnover_accel,trend_consistency_60,rvol_20_60,up_volume_share_20,accumulation_days_20,large_up_volume_days_20,up_down_volume_ratio_20,accumulation_absorption,evt_capacity_180,evt_commissioning_180,evt_order_180,evt_new_product_180,evt_future_product_180,evt_customer_180,evt_debt_reduction_180,evt_credit_positive_180,evt_earnings_positive_180,evt_approval_180,evt_strategic_180,evt_incentive_180,evt_buyback_180,evt_pledge_improvement_180,evt_pledge_risk_180,evt_risk_180,evt_catalyst_breadth_180,evt_catalyst_recent_90,promoter_buy_net_180,promoter_buy_count_180,promoter_pct,promoter_delta_qoq,catalyst_raw,business_inflection_raw,catalyst_score,business_inflection_score,promoter_conviction_score,accumulation_score,ownership_accumulation_score,technical_confirmation_score,priced_in_penalty,early_stage_score,risk_score,discovery_score,gate_catalyst,gate_promoter_accumulation,gate_technical,gate_not_overpriced,transformation_eligible,p100_anchor,p100_logit,catalyst_x_early,promoter_x_accumulation,catalyst_x_accumulation,business_x_catalyst,meta_probability,hybrid_score_raw,v10_percentile,meta_percentile,hybrid_candidate,hybrid_rank
2026-10-05,OCCLLTD,INE0PK601023,197.79,197.79,14466604.03952381,395.58,0.530512948812322,0.1094769912966373,0.1624956517879223,0.6737225894482326,0.2732103183715652,0.0713782247509786,0.0771104768704929,0.1088841588110415,0.1459412194883313,0.0771104768704929,0.6425634035149871,0.0935450947969549,0.6425634035149871,0.6162682286013276,0.0906011036202198,0.2469135802469135,0.1624956517879223,0.1094769912966373,0.2469135802469135,0.6425634035149871,True,0.931,1.0,N100_drop0.50_s0.20_c0.05,1.0,0.0,0.0,False,False,1.0068271698186462,1.0170734897113791,-0.0865463796488452,-0.1149304575594532,True,1.0,0.931,0.2036879259980526,0.6474262868565717,1.2511950830867289,0.4085600341831648,-0.0121208362874712,-0.0213595602292184,0.65,-0.072934150561297,0.7710563676745975,0.5,0.25,,0.0,0.0,0.0,0.0,0.0,0.0,0.0,0.0,0.0,0.0,0.0,0.0,0.0,0.0,0.0,0.0,0.0,0.0,0.0,0.0,0.0,51.76,0.0,0.0,0.0,0.0,0.0,0.0,0.6761083544852666,0.2704433417941067,0.8878637331440739,0.255826639784072,0.744173360215928,0.0849538679914833,0.2180714645858043,False,False,True,True,False,0.1094769912966373,-2.096094538323593,0.0,0.0,0.0,0.0,0.6814465786038542,0.9840482611781405,1.0,0.9694819020581973,True,1
2026-10-05,AGASTYAEN,INE753W01010,68.16,68.16,16070346.49777778,136.32,0.5062350855221338,0.0986647275438726,0.2110502074397768,0.4674941036105193,0.2672773696844239,0.1340822365615086,0.0697862691403252,0.0982080310728962,0.1309712947191086,0.0697862691403252,0.6189341615477054,0.1007967799074237,0.6189341615477054,0.6463815353950951,0.1061293055043094,0.2879818594104308,0.2110502074397768,0.0986647275438726,0.2879818594104308,0.6189341615477054,True,0.755,9.0,N100_drop0.50_s0.20_c0.05,1.0,0.0,0.0,False,False,1.0068271698186462,1.0170734897113791,-0.0865463796488452,-0.1149304575594532,True,9.0,0.755,0.168323620157696,0.3739165490828462,2.4251256281407034,5.63680623174294,0.043684770463414,-0.7037733546466893,0.6166666666666667,-0.7467327013264007,0.5166195100450713,0.15,0.05,,0.0,0.0,0.0,0.0,0.0,0.0,0.0,0.0,0.0,0.0,0.0,0.0,0.0,0.0,0.0,0.0,0.0,0.0,0.0,0.0,0.0,,,0.0,0.0,0.0,0.0,0.0,0.240404232022902,0.0961616928091608,0.7919091554293824,1.0,0.0,0.2714691270404542,0.0625109696891603,False,False,True,False,False,0.0986647275438726,-2.2121497876948024,0.0,0.0,0.0,0.0,0.8544209673593232,0.9743789921930447,0.9950319375443577,0.9985805535841022,True,2
2026-10-05,VALIANTLAB,INE0JWS01017,124.58,124.58,11685897.623174602,249.16,0.5250888417541121,0.1069707641994951,0.200183826504935,0.5343626708866916,0.26810022065097,0.0189097114837328,0.0755319780054773,0.1063153777997334,0.1426858634931754,0.0755319780054773,0.6184858055853919,0.081149708389016,0.6184858055853919,0.6110472550199137,0.0814377756319682,0.2401459854014598,0.200183826504935,0.1069707641994951,0.2401459854014598,0.6184858055853919,True,0.813,4.0,N100_drop0.50_s0.20_c0.05,1.0,0.0,0.0,False,False,1.0068271698186462,1.0170734897113791,-0.0865463796488452,-0.1149304575594532,True,4.0,0.813,0.2343208164074108,1.0041827541827542,1.1859975434286718,0.4524892153433602,-0.1004067683201738,0.199650761843612,0.6166666666666667,0.0392146966430357,0.7085945684018317,0.65,0.5,,0.0053883498076847,0.0,0.0,0.1205887355100757,0.0,0.0,0.0,0.0,0.0,0.0,0.0,0.0,0.0,0.0,0.0,0.0,0.0,1.0,0.0,0.0,0.0,74.94,0.0,0.5085298619590681,0.0,0.2091743119266055,0.0,0.0,0.7391723143275244,0.2956689257310098,0.8660042583392477,0.2302133206326925,0.7697866793673075,0.2257984386089425,0.2768375685863785,True,False,True,True,True,0.1069707641994951,-2.1220637538520597,0.16101959898692303,0.0,0.15461586024465646,0.0,0.6911927534368059,0.9731355571327182,0.9992902767920511,0.9723207948899929,True,3
2026-10-05,GCSL,INE199P01028,681.75,681.75,357510728.9126984,1363.5,0.4693726304293308,0.0840711627023819,0.1463811494049956,0.5743305271485512,0.2471325377374137,0.0649030560363378,0.0607655458982058,0.0837847297333171,0.1098586233417901,0.0607655458982058,0.6109761699039704,0.0693340172463031,0.6109761699039704,0.5825645159205229,0.0551482649414868,0.2401459854014598,0.1463811494049956,0.0840711627023819,0.2401459854014598,0.6109761699039704,True,0.802,7.0,N100_drop0.50_s0.20_c0.05,1.0,0.0,0.0,False,False,1.0068271698186462,1.0170734897113791,-0.0865463796488452,-0.1149304575594532,True,7.0,0.802,0.1620078404636098,0.3921788850316521,1.0655961217997274,1.3512674599068806,0.0312815454530591,0.1074526741183945,0.65,-0.0126153419845205,0.7094506088492519,0.3,0.1,,0.0,0.0,0.0,0.0,0.0,0.0,0.0,0.0,0.0,0.0,0.3114921382856149,0.0,0.0,0.0,0.0,0.0,0.0933943004771655,1.0,1.0,0.0,0.0,60.54,-1.1000000000000014,0.9213206760570882,0.0,0.5192660550458715,0.0,0.0,0.5650652045414104,0.2260260818165641,0.9165365507452096,0.2072236039063559,0.792776396093644,0.0788812987934705,0.3973487395850608,True,False,True,True,True,0.0840711627023819,-2.3882750578950507,0.4116618717330298,0.0,0.2934191796059067,0.0,0.6776688638049764,0.9719719659332859,0.9829666430092264,0.9673527324343506,True,4
2026-10-05,NRL,INE0JM501013,157.0,157.0,12022200.550952382,314.0,0.499815877400543,0.0959732441056976,0.2118757465035467,0.4529694676690665,0.2583156150378846,0.1559420248425904,0.0681266466230565,0.0954491582845651,0.1276584767418291,0.0681266466230565,0.5933699414275555,0.1081595637244129,0.5933699414275555,0.584115720266394,0.0910865797871038,0.2401459854014598,0.2118757465035467,0.0959732441056976,0.2401459854014598,0.5933699414275555,False,,,N100_drop0.50_s0.20_c0.05,1.0,0.0,0.0,False,False,1.0068271698186462,1.0170734897113791,-0.0865463796488452,-0.1149304575594532,False,,,0.2616522018643523,0.6335448964727917,2.2198523379819526,1.1130551816958278,0.0504705697067551,0.374362905571864,0.5666666666666667,0.1784250364512967,0.7283867734983483,0.45,0.2,,0.023678028100273,0.0,0.0,0.0,0.0,0.0,0.0,0.0,0.0,0.0,0.0,0.0,0.0,0.0,0.0,0.0,0.0,0.0,0.0,0.0,0.0,73.6,0.4699999999999988,0.0,0.0,0.0,0.0,0.0909090909090909,0.7266855841589515,0.3315833245726715,0.9408090844570618,0.55,0.4499999999999999,0.2762597586941093,0.1805377757847576,False,False,True,True,False,0.0959732441056976,-2.2427895117929566,0.0,0.06606232583263194,0.0,0.0,0.7649918825658094,0.9701632363378282,0.992902767920511,0.9907735982966643,True,5
2026-10-05,UNITEDPOLY,INE368U01029,48.43,48.43,8246831.692539683,96.86,0.5054379585284353,0.0983268546418919,0.1717011077269409,0.5726629020836764,0.2494380991548928,0.0228159727325824,0.0695933083854564,0.0978612028728657,0.1305605726253658,0.0695933083854564,0.6226337356887647,0.0768637112918111,0.6226337356887647,0.555285238094644,0.0802341695679783,0.2183449651046859,0.1717011077269409,0.0983268546418919,0.2183449651046859,0.6226337356887647,True,0.861,2.0,N100_drop0.50_s0.20_c0.05,1.0,0.0,0.0,False,False,1.0068271698186462,1.0170734897113791,-0.0865463796488452,-0.1149304575594532,True,2.0,0.861,0.1984657263053699,0.5678213013920361,0.900706436420722,0.2562905317769131,0.0091919591746912,1.2421289023752546,0.6,1.0509276533752765,0.90547516737097,0.7,0.5,,0.2886716953141081,0.0,0.0,0.0,0.0,0.0,0.0,0.0,0.0,0.0,0.0,0.0,0.0,0.0,0.0,0.0,0.0,0.0,0.0,0.0,0.0,,,0.0,0.0,0.0,0.0,0.0,0.9230713972131795,0.3692285588852719,0.962526614620298,0.1181346714509979,0.881865328549002,0.1143364088005678,0.2595958727181628,False,False,True,True,False,0.0983268546418919,-2.2159549073232157,0.0,0.0,0.0,0.0,0.6144766222256364,0.9689936124911284,0.9943222143364088,0.9403832505322924,True,6
2026-10-05,UYFINCORP,INE152C01025,23.98,23.98,7058252.572380953,47.96,0.4939558002502354,0.0935736946494497,0.1738579962363257,0.5382191022278588,0.2475084264591021,0.0717948103710185,0.0664622128212442,0.0930260518304832,0.1244165622720663,0.0664622128212442,0.6266720647293953,0.0909663148066784,0.6266720647293953,0.6098247735538834,0.0758537963031202,0.2401459854014598,0.1738579962363257,0.0935736946494497,0.2401459854014598,0.6266720647293953,True,0.809,5.0,N100_drop0.50_s0.20_c0.05,1.0,0.0,0.0,False,False,1.0068271698186462,1.0170734897113791,-0.0865463796488452,-0.1149304575594532,True,5.0,0.809,0.2032112393376819,0.5303126994256542,0.8822605965463108,0.8194233687405159,0.0264403395291305,-0.5509017735014765,0.5666666666666667,-0.5838519559773665,0.8100724407762706,0.2,0.2,,0.0,0.0,0.0,0.0,0.0,0.0,0.0,0.0,0.0,0.0,0.0,0.0,0.0,0.0,0.0,0.0,0.0,0.0,0.0,0.0,0.0,,,0.0,0.0,0.0,0.0,0.0,0.4737257707246335,0.1894903082898534,0.7960255500354863,0.1108880915003364,0.8891119084996636,0.1245564229950319,0.1972028594767235,False,False,True,True,False,0.0935736946494497,-2.2707604271683732,0.0,0.0,0.0,0.0,0.6203854058975043,0.9677501774308019,0.9921930447125621,0.9439318665720369,True,7
2026-10-05,MAHASTEEL,INE451L01014,1167.1,1167.1,14655057.089682542,2334.2,0.4790112176561142,0.0876920149201278,0.1664631087601704,0.5267954898431516,0.2444979733032618,0.0511701053655439,0.0631005765231767,0.0874392367989844,0.1154285230256366,0.0631005765231767,0.6680571756368363,0.1210616383385073,0.6680571756368363,0.6592925683774339,0.1142574653981374,0.3988439306358382,0.1664631087601704,0.0876920149201278,0.3988439306358382,0.6680571756368363,True,0.8240000000000001,3.0,N100_drop0.50_s0.20_c0.05,1.0,0.0,0.0,False,False,1.0068271698186462,1.0170734897113791,-0.0865463796488452,-0.1149304575594532,True,3.0,0.8240000000000001,-0.0724050230488,0.4040300751879697,0.2656292360245078,1.9731244427461467,-0.2070817147781233,-0.6762308637945196,0.6,-0.7064495789624876,0.5688038015624223,0.1,0.0,,0.0,0.0,0.0,0.0,0.0,0.0,0.0,0.0,0.0,0.0,0.0,0.0,0.0,0.0,0.0,0.0,0.0,0.0,0.0,0.0,0.0,,,0.0,0.0,0.0,0.0,0.0,0.2109119943222143,0.0843647977288857,0.7046841731724628,0.1242521425842021,0.8757478574157979,0.0990063875088715,0.1642834443647167,False,False,True,True,False,0.0876920149201278,-2.342146790712675,0.0,0.0,0.0,0.0,0.6213379731806121,0.9672391767210788,0.9879347054648687,0.9453513129879347,True,8
2026-10-05,GULFPETRO,INE586G01017,62.1,62.1,12016874.637777776,124.2,0.5035707495243933,0.0975394886898843,0.1907224280416575,0.5114211773173305,0.25078200631136,0.1134672190829895,0.0691432773121872,0.0970531317061299,0.1296028260995401,0.0691432773121872,0.6478511353991463,0.1120020009239637,0.6478511353991463,0.6358267742903253,0.0963051657755997,0.2879818594104308,0.1907224280416575,0.0975394886898843,0.2879818594104308,0.6478511353991463,True,0.805,6.0,N100_drop0.50_s0.20_c0.05,1.0,0.0,0.0,False,False,1.0068271698186462,1.0170734897113791,-0.0865463796488452,-0.1149304575594532,True,6.0,0.805,-0.0706375336725529,0.6363636363636362,1.1645172533983963,0.4789235532269587,-0.282758745793765,-0.5168254404519685,0.55,-0.5492059450337832,0.504204109298525,0.15,0.0,,0.0,0.0,0.0,0.0,0.0,0.0,0.0,0.0,0.0,0.0,0.0,0.2632477879157231,0.0,0.0,0.0,0.0,0.1166353665221114,1.0,1.0,0.0,0.0,37.05,0.0,0.842136725770503,0.0,0.4844036697247706,0.0,0.0,0.2231547196593328,0.0892618878637331,0.7156139105748759,0.2217746352636558,0.7782253647363442,0.3140259428096547,0.2941367924792768,True,False,True,True,True,0.0975394886898843,-2.224867626256293,0.3769752225511832,0.0,0.10809696511938323,0.0,0.7206269520412893,0.9652966612679174,0.99361249112846,0.9829666430092264,True,9
2026-10-05,SHREEJISPG,INE1B6101010,779.85,779.85,677899614.6412698,1559.7,0.4608147106595109,0.0809638905281881,0.1318496431793342,0.6140622649851674,0.2357426445182039,0.1258400235526444,0.0585481935452807,0.0806510262491985,0.1055280304302899,0.0585481935452807,0.6272070636063828,0.0997685562985197,0.6272070636063828,0.615021958438824,0.0892532720759875,0.2469135802469135,0.1318496431793342,0.0809638905281881,0.2469135802469135,0.6272070636063828,True,0.7729999999999999,8.0,N100_drop0.50_s0.20_c0.05,1.0,0.0,0.0,False,False,1.0068271698186462,1.0170734897113791,-0.0865463796488452,-0.1149304575594532,True,8.0,0.7729999999999999,0.1740308618742942,0.4899694306457778,1.2512990762124714,2.081802015411974,0.0107077183257016,0.1293491450237591,0.7166666666666667,0.0411667537025772,0.7219028087458272,0.6,0.05,,0.0072973771891692,0.0,0.0,0.0,0.0,0.0,0.0,0.0,0.0,0.0,0.14152624979142,0.0,0.0,0.0,0.0,0.0,0.11793854149285,1.0,0.0,0.0,0.0,90.0,0.0,0.477839437385281,0.0,0.1247706422018348,0.0,0.0,0.5801294344494301,0.232051773779772,0.9098651525904896,0.3975856752746811,0.6024143247253189,0.1452013687952296,0.2311304106278816,True,False,True,True,True,0.0809638905281881,-2.4293221543909076,0.07516362216756269,0.0,0.07238312209644261,0.0,0.6926566280278872,0.9646081630300934,0.9772888573456352,0.9737402413058907,True,10
