date,policy,prior_folds,prior_rows,prior_positives,calibrated,anchor,mean_probability
2017-12-29,rank_platt_anchor_r8,0,0,0,False,,
2018-06-29,rank_platt_anchor_r8,1,387,4,False,,
2018-12-31,rank_platt_anchor_r8,2,642,8,False,,
2019-06-28,rank_platt_anchor_r8,3,813,8,False,,
2019-12-31,rank_platt_anchor_r8,4,876,8,False,,
2020-06-30,rank_platt_anchor_r8,5,922,8,False,,
2020-12-31,rank_platt_anchor_r8,6,1079,30,False,,
2021-06-30,rank_platt_anchor_r8,7,1172,40,False,,
2021-12-31,rank_platt_anchor_r8,8,2026,101,True,0.04313812918831234,0.04313812918831234
2022-06-30,rank_platt_anchor_r8,9,2909,124,True,0.04510208516409376,0.04510208516409376
2022-12-30,rank_platt_anchor_r8,10,3762,176,True,0.050761464976980225,0.050761464976980225
2023-06-30,rank_platt_anchor_r8,11,4666,200,True,0.05408004904777669,0.05408004904777668
2023-12-29,rank_platt_anchor_r8,12,5625,297,True,0.06672342756706762,0.0667234275670676
2024-06-28,rank_platt_anchor_r8,13,6684,351,True,0.07309736524412144,0.07309736524412144
2024-12-31,rank_platt_anchor_r8,14,7798,404,True,0.06152847937921732,0.061528479379217314
2025-06-30,rank_platt_anchor_r8,15,8950,410,True,0.04873866083083023,0.04873866083083023
2025-12-31,rank_platt_anchor_r8,16,10060,420,True,0.04093621552838493,0.04093621552838493
