date,rows,positives,base_rate,pr_auc,pr_auc_lift
2017-12-29,387,4,0.0103359173126615,0.01355282419976499,1.3112357413272628
2018-06-29,255,4,0.01568627450980392,0.0270360052978607,1.7235453377386196
2020-06-30,157,22,0.14012738853503184,0.17649519744278433,1.2595339090235065
2020-12-31,93,10,0.10752688172043011,0.08312514812593877,0.7730638775712305
2021-06-30,854,61,0.07142857142857142,0.08443648553219571,1.18211079745074
2021-12-31,883,23,0.026047565118912798,0.04064839788775437,1.5605450145603093
2022-06-30,853,52,0.06096131301289566,0.08505075022578475,1.395159421972969
2022-12-30,904,24,0.02654867256637168,0.03476461093195724,1.3094670117703895
2023-06-30,959,97,0.10114702815432743,0.14387313641588714,1.4224158538436678
2023-12-29,1059,54,0.05099150141643059,0.07929404538475368,1.5550443344898917
2024-06-28,1114,53,0.04757630161579892,0.07383512548136484,1.5519307506837818
2024-12-31,1152,6,0.005208333333333333,0.006841295574150053,1.3135287502368103
2025-06-30,1110,10,0.009009009009009009,0.016765850645543964,1.86100942165538
2025-12-31,1153,35,0.030355594102341718,0.039640404819039056,1.3058681930386293
