date,precision_2x,lift_2x,hit,dd30_rate
2017-06-30,0.0,0.0,0.0,0.1
2017-12-29,0.1,17.116666666666667,1.0,0.9
2018-06-29,0.1,12.271428571428572,1.0,0.4
2018-12-31,0.0,,0.0,0.3
2019-06-28,0.0,0.0,0.0,1.0
2019-12-31,0.0,0.0,0.0,0.9
2020-06-30,0.2,1.7900000000000003,1.0,0.3
2020-12-31,0.1,0.7935779816513763,1.0,0.3
2021-06-30,0.2,3.040579710144928,1.0,0.4
2021-12-31,0.0,0.0,0.0,0.9
2022-06-30,0.1,1.5985294117647058,1.0,0.0
2022-12-30,0.1,4.181481481481481,1.0,0.2
2023-06-30,0.2,2.0846846846846847,1.0,0.0
2023-12-29,0.4,6.908108108108108,1.0,0.1
2024-06-28,0.0,0.0,0.0,0.1
2024-12-31,0.0,0.0,0.0,0.8
2025-06-30,0.3,30.046153846153846,1.0,0.2
2025-12-31,0.0,0.0,0.0,0.6
