date,strategy,k,precision_100,lift_100,precision_50,lift_50,precision_25,lift_25,hit100,dd30_rate
2017-06-30,V9.4.1,10,0.2,2.7536231884057973,0.3,1.2076271186440677,0.7,1.357142857142857,1.0,0.0
2017-06-30,V9.4,10,0.2,2.7536231884057973,0.3,1.2076271186440677,0.7,1.357142857142857,1.0,0.0
2017-06-30,V9.3.1,10,0.2,2.7536231884057973,0.3,1.2076271186440677,0.7,1.357142857142857,1.0,0.0
2017-06-30,V9.2_pcal,10,0.2,2.7536231884057973,0.3,1.2076271186440677,0.7,1.357142857142857,1.0,0.0
2017-12-29,V9.4.1,10,0.0,0.0,0.0,0.0,0.1,0.7366906474820144,0.0,0.8
2017-12-29,V9.4,10,0.0,0.0,0.0,0.0,0.1,0.7366906474820144,0.0,0.8
2017-12-29,V9.3.1,10,0.0,0.0,0.0,0.0,0.1,0.7366906474820144,0.0,0.8
2017-12-29,V9.2_pcal,10,0.0,0.0,0.0,0.0,0.1,0.7366906474820144,0.0,0.8
2018-06-29,V9.4.1,10,0.1,12.185714285714285,0.3,6.3975,0.3,1.729054054054054,1.0,0.3
2018-06-29,V9.4,10,0.1,12.185714285714285,0.3,6.3975,0.3,1.729054054054054,1.0,0.3
2018-06-29,V9.3.1,10,0.1,12.185714285714285,0.3,6.3975,0.3,1.729054054054054,1.0,0.3
2018-06-29,V9.2_pcal,10,0.1,12.185714285714285,0.3,6.3975,0.3,1.729054054054054,1.0,0.3
2018-12-31,V9.4.1,10,0.0,,0.0,0.0,0.2,1.2330578512396695,0.0,0.6
2018-12-31,V9.4,10,0.0,,0.0,0.0,0.2,1.2330578512396695,0.0,0.6
2018-12-31,V9.3.1,10,0.0,,0.0,0.0,0.2,1.2330578512396695,0.0,0.6
2018-12-31,V9.2_pcal,10,0.0,,0.0,0.0,0.2,1.2330578512396695,0.0,0.6
2019-06-28,V9.4.1,10,0.0,0.0,0.0,0.0,0.1,0.6788461538461539,0.0,0.6
2019-06-28,V9.4,10,0.0,0.0,0.0,0.0,0.1,0.6788461538461539,0.0,0.5
2019-06-28,V9.3.1,10,0.0,0.0,0.0,0.0,0.1,0.6788461538461539,0.0,0.6
2019-06-28,V9.2_pcal,10,0.0,0.0,0.0,0.0,0.1,0.6788461538461539,0.0,0.6
2019-12-31,V9.4.1,10,0.0,0.0,0.2,3.065116279069768,0.4,1.8695035460992908,0.0,1.0
2019-12-31,V9.4,10,0.0,0.0,0.2,3.065116279069768,0.4,1.8695035460992908,0.0,1.0
2019-12-31,V9.3.1,10,0.0,0.0,0.2,3.065116279069768,0.4,1.8695035460992908,0.0,1.0
2019-12-31,V9.2_pcal,10,0.0,0.0,0.2,3.065116279069768,0.4,1.8695035460992908,0.0,1.0
2020-06-30,V9.4.1,10,0.2,1.7897435897435898,0.5,1.2118055555555556,0.9,1.2221789883268483,1.0,0.2
2020-06-30,V9.4,10,0.2,1.7897435897435898,0.5,1.2118055555555556,0.9,1.2221789883268483,1.0,0.2
2020-06-30,V9.3.1,10,0.2,1.7897435897435898,0.5,1.2118055555555556,0.9,1.2221789883268483,1.0,0.2
2020-06-30,V9.2_pcal,10,0.2,1.7897435897435898,0.5,1.2118055555555556,0.9,1.2221789883268483,1.0,0.2
2020-12-31,V9.4.1,10,0.3,2.3454545454545452,0.7,1.627027027027027,0.9,1.2626427406199021,1.0,0.1
2020-12-31,V9.4,10,0.3,2.3454545454545452,0.7,1.627027027027027,0.9,1.2626427406199021,1.0,0.1
2020-12-31,V9.3.1,10,0.3,2.3454545454545452,0.7,1.627027027027027,0.9,1.2626427406199021,1.0,0.1
2020-12-31,V9.2_pcal,10,0.3,2.3454545454545452,0.7,1.627027027027027,0.9,1.2626427406199021,1.0,0.1
2021-06-30,V9.4.1,10,0.2,3.0231884057971015,0.3,1.2416666666666665,0.6,1.2246575342465753,1.0,0.3
2021-06-30,V9.4,10,0.2,3.0231884057971015,0.3,1.2416666666666665,0.6,1.2246575342465753,1.0,0.3
2021-06-30,V9.3.1,10,0.2,3.0231884057971015,0.3,1.2416666666666665,0.6,1.2246575342465753,1.0,0.3
2021-06-30,V9.2_pcal,10,0.2,3.0231884057971015,0.3,1.2416666666666665,0.6,1.2246575342465753,1.0,0.3
2021-12-31,V9.4.1,10,0.1,4.1230769230769235,0.4,2.9986013986013984,0.7,2.2201183431952662,1.0,0.4
2021-12-31,V9.4,10,0.1,4.1230769230769235,0.5,3.748251748251748,0.7,2.2201183431952662,1.0,0.3
2021-12-31,V9.3.1,10,0.1,4.1230769230769235,0.4,2.9986013986013984,0.7,2.2201183431952662,1.0,0.4
2021-12-31,V9.2_pcal,10,0.0,0.0,0.1,0.7496503496503496,0.2,0.634319526627219,0.0,0.8
2022-06-30,V9.4.1,10,0.0,0.0,0.3,1.059344262295082,0.6,0.9956856702619413,0.0,0.2
2022-06-30,V9.4,10,0.0,0.0,0.3,1.059344262295082,0.6,0.9956856702619413,0.0,0.2
2022-06-30,V9.3.1,10,0.0,0.0,0.3,1.059344262295082,0.6,0.9956856702619413,0.0,0.2
2022-06-30,V9.2_pcal,10,0.2,3.1676470588235297,0.3,1.059344262295082,0.6,0.9956856702619413,1.0,0.2
2022-12-30,V9.4.1,10,0.1,3.9821428571428577,0.2,1.5067567567567568,0.4,1.1957104557640752,1.0,0.3
2022-12-30,V9.4,10,0.2,7.964285714285715,0.3,2.2601351351351346,0.5,1.4946380697050938,1.0,0.3
2022-12-30,V9.3.1,10,0.1,3.9821428571428577,0.2,1.5067567567567568,0.4,1.1957104557640752,1.0,0.3
2022-12-30,V9.2_pcal,10,0.1,3.9821428571428577,0.1,0.7533783783783784,0.4,1.1957104557640752,1.0,0.6
2023-06-30,V9.4.1,10,0.2,2.0594594594594597,0.6,1.7584615384615383,0.7,1.1005502063273727,1.0,0.0
2023-06-30,V9.4,10,0.2,2.0594594594594597,0.5,1.4653846153846153,0.6,0.9433287482806051,1.0,0.0
2023-06-30,V9.3.1,10,0.2,2.0594594594594597,0.6,1.7584615384615383,0.7,1.1005502063273727,1.0,0.0
2023-06-30,V9.2_pcal,10,0.2,2.0594594594594597,0.5,1.4653846153846153,0.6,0.9433287482806051,1.0,0.0
2023-12-29,V9.4.1,10,0.4,6.794666666666667,0.5,2.0749185667752443,0.6,1.1460269865067465,1.0,0.1
2023-12-29,V9.4,10,0.5,8.493333333333334,0.6,2.489902280130293,0.7,1.3370314842578708,1.0,0.0
2023-12-29,V9.3.1,10,0.3,5.096,0.4,1.6599348534201956,0.6,1.1460269865067465,1.0,0.1
2023-12-29,V9.2_pcal,10,0.2,3.3973333333333335,0.4,1.6599348534201956,0.5,0.9550224887556221,1.0,0.3
2024-06-28,V9.4.1,10,0.0,0.0,0.2,1.114406779661017,0.5,1.1414930555555556,0.0,0.2
2024-06-28,V9.4,10,0.0,0.0,0.2,1.114406779661017,0.5,1.1414930555555556,0.0,0.2
2024-06-28,V9.3.1,10,0.0,0.0,0.2,1.114406779661017,0.5,1.1414930555555556,0.0,0.2
2024-06-28,V9.2_pcal,10,0.0,0.0,0.0,0.0,0.4,0.9131944444444444,0.0,0.0
2024-12-31,V9.4.1,10,0.0,0.0,0.0,0.0,0.1,0.8515923566878981,0.0,0.8
2024-12-31,V9.4,10,0.0,0.0,0.0,0.0,0.1,0.8515923566878981,0.0,0.8
2024-12-31,V9.3.1,10,0.0,0.0,0.0,0.0,0.1,0.8515923566878981,0.0,0.8
2024-12-31,V9.2_pcal,10,0.0,0.0,0.0,0.0,0.1,0.8515923566878981,0.0,0.9
2025-06-30,V9.4.1,10,0.2,19.876923076923077,0.2,3.7449275362318843,0.5,2.748936170212766,1.0,0.3
2025-06-30,V9.4,10,0.2,19.876923076923077,0.2,3.7449275362318843,0.5,2.748936170212766,1.0,0.3
2025-06-30,V9.3.1,10,0.2,19.876923076923077,0.2,3.7449275362318843,0.4,2.199148936170213,1.0,0.3
2025-06-30,V9.2_pcal,10,0.1,9.938461538461539,0.1,1.8724637681159422,0.4,2.199148936170213,1.0,0.3
2025-12-31,V9.4.1,10,0.2,6.550000000000001,0.2,1.8450704225352115,0.6,2.079365079365079,1.0,0.4
2025-12-31,V9.4,10,0.2,6.550000000000001,0.2,1.8450704225352115,0.7,2.4259259259259256,1.0,0.3
2025-12-31,V9.3.1,10,0.2,6.550000000000001,0.2,1.8450704225352115,0.6,2.079365079365079,1.0,0.4
2025-12-31,V9.2_pcal,10,0.1,3.2750000000000004,0.1,0.9225352112676057,0.4,1.3862433862433863,1.0,0.6
