family,policy,blocker_mean_jaccard,blocker_worst_p05_jaccard,blocker_mean_top1_stability,screen_pass
robust_quantile,rq60_i25,0.7842807192807193,0.532967032967033,0.625,False
robust_quantile,rq65_i25,0.7801964701964702,0.5384615384615384,0.64,False
robust_quantile,rq70_i25,0.7902963702963703,0.5384615384615384,0.7,False
robust_quantile,rq75_i25,0.771032301032301,0.5384615384615384,0.595,False
bagged_topk,bag50_w50,0.8586363636363636,0.6666666666666666,0.99,True
bagged_topk,bag50_w75,0.8542424242424242,0.6666666666666666,0.995,True
bagged_topk,bag50_w100,0.8616317016317014,0.6666666666666666,0.99,True
bagged_topk,bag100_w50,0.8489044289044289,0.6666666666666666,0.995,True
bagged_topk,bag100_w75,0.8422727272727272,0.6666666666666666,0.99,True
bagged_topk,bag100_w100,0.8681818181818182,0.6666666666666666,0.985,True
