date,risk_config,requested_fund_weight,applied_fund_weight,fund_gate_passed,fund_gate_pr_auc_lift,fund_gate_calibration_slope,fund_gate_reasons,candidate_survivors,candidate_fund_covered,candidate_coverage,train_utility,prior_fund_calibrated_folds
2017-06-30,N20_drop0.00_s0.05_c0.10,0.0,0.0,False,,,n<3000|positives<100|folds<8|pr_auc_lift<1.1|calibration_slope<0.5,20,0,0.0,1.0,0
2017-12-29,N50_drop0.10_s0.00_c0.00,0.0,0.0,False,,,n<3000|positives<100|folds<8|pr_auc_lift<1.1|calibration_slope<0.5,47,0,0.0,1.0,0
2018-06-29,N20_drop0.00_s0.05_c0.10,0.0,0.0,False,,,n<3000|positives<100|folds<8|pr_auc_lift<1.1|calibration_slope<0.5,20,0,0.0,1.0,0
2018-12-31,N20_drop0.00_s0.05_c0.10,0.0,0.0,False,,,n<3000|positives<100|folds<8|pr_auc_lift<1.1|calibration_slope<0.5,20,0,0.0,1.0,0
2019-06-28,N20_drop0.00_s0.05_c0.10,0.0,0.0,False,,,n<3000|positives<100|folds<8|pr_auc_lift<1.1|calibration_slope<0.5,20,0,0.0,1.0,0
2019-12-31,N50_drop0.30_s0.15_c0.00,0.0,0.0,False,,,n<3000|positives<100|folds<8|pr_auc_lift<1.1|calibration_slope<0.5,40,0,0.0,1.0,0
2020-06-30,N75_drop0.40_s0.10_c0.15,0.0,0.0,False,,,n<3000|positives<100|folds<8|pr_auc_lift<1.1|calibration_slope<0.5,45,0,0.0,1.0,0
2020-12-31,N50_drop0.30_s0.15_c0.00,0.0,0.0,False,,,n<3000|positives<100|folds<8|pr_auc_lift<1.1|calibration_slope<0.5,35,0,0.0,1.0,0
2021-06-30,N75_drop0.40_s0.10_c0.15,0.0,0.0,False,,,n<3000|positives<100|folds<8|pr_auc_lift<1.1|calibration_slope<0.5,54,0,0.0,1.0,0
2021-12-31,N20_drop0.10_s0.05_c0.15,0.0,0.0,False,,,n<3000|positives<100|folds<8|pr_auc_lift<1.1|calibration_slope<0.5,18,0,0.0,1.0,0
2022-06-30,N100_drop0.50_s0.15_c0.00,0.0,0.0,False,,,n<3000|positives<100|folds<8|pr_auc_lift<1.1|calibration_slope<0.5,50,0,0.0,1.0,0
2022-12-30,N100_drop0.50_s0.15_c0.00,0.0,0.0,False,,,n<3000|positives<100|folds<8|pr_auc_lift<1.1|calibration_slope<0.5,50,0,0.0,1.0,0
2023-06-30,N100_drop0.50_s0.15_c0.00,0.0,0.0,False,,,n<3000|positives<100|folds<8|pr_auc_lift<1.1|calibration_slope<0.5,50,0,0.0,1.0,0
2023-12-29,N100_drop0.50_s0.15_c0.00,0.0,0.0,False,,,n<3000|positives<100|folds<8|pr_auc_lift<1.1|calibration_slope<0.5,50,46,0.92,1.0,0
2024-06-28,N100_drop0.50_s0.15_c0.00,0.0,0.0,False,1.1021649434493472,3.150400280007611,n<3000|positives<100|folds<8,50,43,0.86,1.0,1
2024-12-31,N100_drop0.50_s0.15_c0.00,0.0,0.0,False,1.0489285974532263,0.9077015796754123,n<3000|folds<8|pr_auc_lift<1.1,50,47,0.94,1.0,2
2025-06-30,N100_drop0.50_s0.15_c0.00,0.0,0.0,False,1.060131950007035,1.0264297524987933,folds<8|pr_auc_lift<1.1,50,44,0.88,1.0,3
2025-12-31,N100_drop0.50_s0.15_c0.00,0.0,0.0,False,1.2450150025438464,4.850217182250584,folds<8,50,46,0.92,1.0,4
