date,market_rows,fund_usable_rows,fund_usable_fraction,mean_completeness,specialized_financial_fraction
2003-12-31,294,0,0.0,0.0,0.0
2004-06-30,200,0,0.0,0.0,0.0
2004-12-31,409,0,0.0,0.0,0.0
2005-06-30,422,0,0.0,0.0,0.0
2005-12-30,411,0,0.0,0.0,0.0
2006-06-30,454,0,0.0,0.0,0.0
2006-12-29,453,0,0.0,0.0,0.0
2007-06-29,440,0,0.0,0.0,0.0
2007-12-31,630,0,0.0,0.0,0.0
2008-06-30,461,0,0.0,0.0,0.0
2008-12-31,340,0,0.0,0.0,0.0
2009-06-30,492,0,0.0,0.0,0.0
2009-12-31,666,0,0.0,0.0,0.0
2010-06-30,693,0,0.0,0.0,0.0
2010-12-31,732,0,0.0,0.0,0.0
2011-06-30,608,0,0.0,0.0,0.0
2011-12-30,438,0,0.0,0.0,0.0
2012-06-29,476,0,0.0,0.0,0.0
2012-12-31,587,0,0.0,0.0,0.0
2013-06-28,431,0,0.0,0.0,0.0
2013-12-31,480,0,0.0,0.0,0.0
2014-06-30,688,0,0.0,0.0,0.0
2014-12-31,723,0,0.0,0.0,0.0
2015-06-30,654,0,0.0,0.025595000664805214,0.0
2015-12-31,787,1,0.0012706480304955528,0.058394563836252134,0.0
2016-06-30,774,113,0.14599483204134367,0.0917312661498708,0.0
2016-12-30,870,296,0.34022988505747126,0.11904047976011993,0.0
2017-06-30,948,333,0.3512658227848101,0.11351128233351677,0.0
2017-12-29,1027,387,0.37682570593963,0.11434740273485457,0.0
2018-06-29,859,255,0.2968568102444703,0.11793288454724905,0.0
2018-12-31,751,171,0.22769640479360853,0.12261911654026515,0.0
2019-06-28,719,63,0.08762169680111266,0.12208985910382776,0.0
2019-12-31,673,46,0.06835066864784546,0.12707539246721364,0.0
2020-06-30,716,157,0.21927374301675978,0.23008258440612098,0.0
2020-12-31,865,93,0.10751445086705202,0.2317165116863534,0.0
2021-06-30,1049,854,0.8141086749285034,0.4375181332117544,0.0
2021-12-31,1076,883,0.820631970260223,0.37085825117181187,0.0
2022-06-30,1087,853,0.7847286108555658,0.3974641014359425,0.0
2022-12-30,1129,904,0.8007085916740478,0.45665652559017206,0.0283436669619132
2023-06-30,1157,959,0.8288677614520311,0.5500732779677577,0.00864304235090752
2023-12-29,1278,1059,0.8286384976525821,0.5917534190651154,0.025039123630672927
2024-06-28,1324,1114,0.8413897280966768,0.596479705766452,0.02945619335347432
2024-12-31,1345,1152,0.8565055762081785,0.6056570227897202,0.02973977695167286
2025-06-30,1302,1110,0.8525345622119815,0.5237093434849395,0.03686635944700461
2025-12-31,1317,1153,0.8754745634016705,0.5315110098709187,0.03644646924829157
2026-06-30,1418,1155,0.814527503526093,0.6333169804378488,0.03596614950634697
