symbol,evidence_rows,primary_rows,distinct_domains,max_linked_evidence_score,max_primary_score,max_stage_weight,max_theme_demand,max_theme_primary_breadth,max_theme_demand_signal,max_money_crore,max_capacity_pct,latest_evidence,primary_confirmed,latest_qe,latest_revenue,latest_total_income,latest_pbt,latest_pat,latest_finance_cost,latest_depreciation,latest_ebitda_proxy,latest_ebitda_margin,latest_pat_margin,revenue_qoq,pat_qoq,pat_turnaround_qoq,ebitda_qoq,ebitda_turnaround_qoq,ebitda_margin_qoq_change,revenue_yoy,pat_yoy,pat_turnaround_yoy,ebitda_yoy,ebitda_turnaround_yoy,ebitda_margin_yoy_change,recent2_revenue_yoy,recent2_ebitda_yoy,recent2_pat_yoy,recent2_pat_turnaround,recent2_ebitda_turnaround,recent2_ebitda_margin_yoy_change,prev2_revenue_yoy,prev2_ebitda_yoy,prev2_pat_yoy,prev2_ebitda_margin_yoy_change,latest_ttm_revenue,previous_ttm_revenue,latest_ttm_ebitda,previous_ttm_ebitda,latest_ttm_pat,previous_ttm_pat,ttm_revenue_growth,ttm_ebitda_growth,ttm_pat_growth,ttm_pat_turnaround,ttm_ebitda_margin,ttm_ebitda_margin_change,third_ttm_revenue,third_ttm_ebitda,third_ttm_pat,previous_ttm_revenue_growth,previous_ttm_ebitda_growth,previous_ttm_pat_growth,revenue_growth_acceleration_3y,previous_ttm_ebitda_margin_change,filing_mode,quarters_extracted,integrated_quarters,legacy_quarters,integrated_filings_seen,legacy_filings_seen,filings_seen,primary_event_count,evidence_domain_count,order_visibility_score,commissioning_score,product_approval_score,capacity_stage_score,negative_event_count,first_primary_event_date,latest_primary_event_date,fresh_catalyst_generation_score,new_catalyst_type_count,primary_stage_upgrade,all_evidence_themes,strongest_event_title,strongest_event_url,strongest_event_date,strongest_event_stage,strongest_event_types,strongest_event_themes,date,isin,close,adj_close,avg_turnover_63,target_2x,p_raw,p_cal,p_dd30,asymmetry,model_dispersion,dd_model_dispersion,p05,p50,p95,p_conservative,hit25_6m_raw,hit25_6m_dispersion,hit25_6m_cal_raw,hit50_6m_raw,hit50_6m_dispersion,hit50_6m_cal_raw,p_dd30_cal,p100_cal,p50_cal,p25_cal,selected_v941,selection_score_v941,selection_rank_v941,production_risk_config,production_share_p100,production_share_p50,production_share_p25,production_p50_allowed,production_p25_allowed,production_p50_pr_auc_lift,production_p25_pr_auc_lift,production_p50_calibration_slope,production_p25_calibration_slope,production_selected,production_rank,production_selection_score,ret_20,ret_60,ret_120,ret_252,mom_accel,turnover_accel,trend_consistency_60,rvol_20_60,up_volume_share_20,accumulation_days_20,large_up_volume_days_20,up_down_volume_ratio_20,accumulation_absorption,evt_capacity_180,evt_commissioning_180,evt_order_180,evt_new_product_180,evt_future_product_180,evt_customer_180,evt_debt_reduction_180,evt_credit_positive_180,evt_earnings_positive_180,evt_approval_180,evt_strategic_180,evt_incentive_180,evt_buyback_180,evt_pledge_improvement_180,evt_pledge_risk_180,evt_risk_180,evt_catalyst_breadth_180,evt_catalyst_recent_90,promoter_buy_net_180,promoter_buy_count_180,promoter_pct,promoter_delta_qoq,catalyst_raw,business_inflection_raw,catalyst_score,business_inflection_score,promoter_conviction_score,accumulation_score,ownership_accumulation_score,technical_confirmation_score,priced_in_penalty,early_stage_score,risk_score,discovery_score,gate_catalyst,gate_promoter_accumulation,gate_technical,gate_not_overpriced,transformation_eligible,p100_anchor,p100_logit,catalyst_x_early,promoter_x_accumulation,catalyst_x_accumulation,business_x_catalyst,v10_percentile,transform_p_y6,transform_pct_y6,transform_p_y12,transform_pct_y12,transform_p_y24,transform_pct_y24,transform_multi_percentile,transformation_gate,multi_horizon_score,external_theme_demand_score,external_demand_source,financial_latest2_score,financial_previous2_score,financial_latest_ttm_score,financial_prior_ttm_score,financial_score_raw,financial_3y_context_coverage,financial_context_confidence,financial_stale_days,financial_freshness,financial_available,annualized_sales_crore,capacity_numeric_suspect,money_numeric_suspect,numeric_integrity_ok,catalyst_magnitude_score,product_demand_linkage_score,stage_reality_score,earnings_inflection_score,order_probability_score,promoter_accumulation_score,execution_quality_score,catalyst_intelligence_score,technical_confirmation_used,already_priced_penalty_used,v11_4_score_raw,max_prior_runup_252,pre_obvious_price_state,second_leg_price_state,over_100pct_price_state,material_prior_runup,remaining_business_upside_score,same_catalyst_priced_penalty,second_leg_score,pre_obvious_score,v11_4_base_eligible,pre_obvious_eligible,second_leg_eligible,opportunity_sleeve,v11_4_eligible,sleeve_score,audit_grade,audit_rank
CGPOWER,6,6,1,0.7915625154710644,0.7915625154710644,1.0,0.0,0.999998984368529,0.2499997460921322,17333.0,,2026-09-04 09:48:43+00:00,True,2026-06-30,30613700000.0,,4867600000.0,3635900000.0,24700000.0,,4892300000.0,0.1598075371484008,0.1187670879377533,-0.0214575675243726,-0.1165565166682864,0.0,-0.1092925026399155,0.0,-0.0157590282982988,0.1580789032680283,0.2695624847236286,0.0,0.2721481134773904,0.0,0.0143294002914428,0.1887844759539763,0.3514086798100071,0.3795650316793622,0.0,0.0,0.02018920743944,0.193054112758523,0.3556560661074246,0.3255719304258417,0.0186909623615556,117485000000.0,98660500000.0,19047000000.0,14074100000.0,13939800000.0,10287200000.0,0.1908007763998762,0.3533369806950355,0.3550626020685901,0.0,0.1621228241903221,0.0194710030460952,79503100000.0,12183500000.0,10444300000.0,0.2409641888177944,0.1551770837608241,-0.0150416973851765,-0.0501634124179182,-0.010593775568354,standalone,12,6,6,20,159,179,6,1,1.0,1.0,0.0,1.0,0,2026-07-24 08:57:06+00:00,2026-09-04 09:48:43+00:00,0.6437030914005849,3,1.0,"[""power_td"", ""railways"", ""renewables"", ""semiconductor_electronics""]",Press Release (Revised),https://nsearchives.nseindia.com/corporate/CGPOWER_24072026165817_SEDisclosure_PressRelease_-revised.pdf,2026-07-24 11:29:35+00:00,commercial_production_or_purchase_order,"[""capacity"", ""commissioning"", ""order""]","[""semiconductor_electronics"", ""railways"", ""renewables"", ""power_td""]",2026-10-05,INE067A01029,882.3,882.3,2650500879.788095,1764.6,0.2323565959354812,0.0248951000358029,0.1503370530407453,0.1655952377159853,0.1764385427899419,0.10333030613112,0.0169565506658753,0.0244027849265829,0.034030725437665,0.0169565506658753,0.4761473866921379,0.0421770916575823,0.4761473866921379,0.3850997583124497,0.0835200548551474,0.1578542883492161,0.1503370530407453,0.0248951000358029,0.1578542883492161,0.4761473866921379,False,,,N100_drop0.50_s0.20_c0.05,1.0,0.0,0.0,False,False,1.0068271698186462,1.0170734897113791,-0.0865463796488452,-0.1149304575594532,False,,,-0.0141899441340782,-0.0313975189373147,0.2837189000436491,0.1140854851947723,-0.0037241044883066,-0.1644565646952245,0.4833333333333333,-0.1725341404740772,0.503174014699931,0.25,0.0,,0.0,0.4817846572798716,0.2846551348298735,0.0,0.0,0.0,0.0,0.0,0.0,0.0,0.0,0.0,0.0,0.0,0.0,0.0,0.2995766304340138,2.0,1.0,0.0,0.0,,,1.9876035758172133,0.0,0.8587155963302753,0.0,0.0,0.349485450674237,0.1397941802696948,0.440596167494677,0.0,1.0,0.2868020296870545,0.4365383160794295,True,False,True,True,True,0.0248951000358029,-3.667874056522272,0.8587155963302753,0.0,0.3001086071844824,0.0,0.2640170333569908,0.4996568467096194,0.8019872249822569,0.4774814636093035,0.6664300922640171,0.5032416951092638,0.8708303761533002,0.7855216465578425,True,0.6003900596288816,0.5132477440400283,GDELT_PLUS_GOOGLE_NEWS,0.6530680329353052,0.6980822570874821,0.7043909660597779,0.6868987633718078,0.6796607851637193,1.0,1.0,99.0,0.661993196690834,True,11748.5,False,False,True,1.0,0.5132477440400283,1.0,0.6796607851637193,0.75,0.1502787437899219,0.9323986393381668,0.748508896589408,0.440596167494677,0.0,0.6639821883954976,0.2837189000436491,False,True,False,True,0.7719937718182455,0.0,0.6866413683089719,0.6639821883954976,True,False,True,SECOND_LEG_REACCELERATION,True,0.6866413683089719,A,1
TEXRAIL,7,7,1,0.7329997849525677,0.7329997849525677,1.0,0.0,0.999998984368529,0.2499997460921322,9923.0,,2026-09-01 07:41:19+00:00,True,2026-06-30,7529234000.0,,441360000.0,517063000.0,249346000.0,,690706000.0,0.0917365564677628,0.0686740510389237,-0.3529444067696979,-0.1194146268356776,0.0,-0.3323493135060105,0.0,0.0028298075241477,-0.0668252109741117,1.1986775524088955,0.0,0.0675699277731152,0.0,0.0115486085866011,-0.0156454561525892,0.0804129676759983,0.8423872329420794,0.0,0.0,0.0080034498160538,0.0433751884734616,0.1176092234797774,0.0523926442059923,0.0063591555999364,42142243000.0,41491666000.0,3925007000.0,3565113000.0,2108938000.0,1554031000.0,0.0156797030034898,0.1009488338798798,0.3570758884475278,0.0,0.0931371165981839,0.0072135241350613,37377017000.0,3488064000.0,1383703000.0,0.1100850022354646,0.0220893309297076,0.1230957799469973,-0.0944052992319748,-0.007397498409378,standalone,12,6,6,12,86,98,7,1,1.0,1.0,0.0,1.0,1,2026-07-30 15:54:07+00:00,2026-09-01 07:41:19+00:00,0.6177339399054614,4,1.0,"[""defence_aerospace"", ""power_td"", ""railways"", ""renewables""]",Analysts/Institutional Investor Meet/Con. Call Updates,https://nsearchives.nseindia.com/corporate/TEXRAIL_10082026142755_SEINTIMATIONTRANSCRIPT10082026SIGNED.pdf,2026-08-10 08:58:49+00:00,commercial_production_or_purchase_order,"[""capacity"", ""commissioning"", ""order""]","[""defence_aerospace"", ""railways"", ""power_td""]",2026-10-05,INE621L01012,117.18,117.18,300354391.43761903,234.36,0.3411236962785808,0.0462033529950398,0.2068602696931792,0.2233553744446426,0.1870992637970787,0.1078236627663965,0.0344209051225603,0.045841772960739,0.0585285780226694,0.0344209051225603,0.4598530840936914,0.0373536177594471,0.4598530840936914,0.4511404139791241,0.0659980032371117,0.1648675171736997,0.2068602696931792,0.0462033529950398,0.1648675171736997,0.4598530840936914,False,,,N100_drop0.50_s0.20_c0.05,1.0,0.0,0.0,False,False,1.0068271698186462,1.0170734897113791,-0.0865463796488452,-0.1149304575594532,False,,,0.0312417495379742,0.0305162254858852,0.2988250942141432,-0.2154525977504017,0.0210696743760124,0.7497800073767991,0.4833333333333333,0.6785559226542175,0.7175274065926457,0.55,0.35,,0.1701895325280752,0.0,0.0,3.4842356869288515,0.0427254282003812,0.0,0.0,0.0,0.0,0.0,0.0,0.3230373222535818,0.0,0.0,0.0,0.0,0.0,3.0,8.0,0.0,0.0,,,7.285191794995044,0.0,0.9963302752293578,0.0,0.0,0.8523091031958008,0.3409236412783203,0.7523775727466289,0.0,1.0,0.2539034776437189,0.5710987422779603,True,False,True,True,True,0.0462033529950398,-3.027398119346689,0.9963302752293578,0.0,0.8491813633675593,0.0,0.6969481902058198,0.4546299687440395,0.4826117814052519,0.507072749058731,0.8545067423704755,0.5708653071548504,0.9893541518807664,0.8408090844570617,True,0.7722604684173172,0.5132477440400283,GDELT_PLUS_GOOGLE_NEWS,0.5684610288750451,0.5519351266235012,0.5636561308059158,0.5849020915309506,0.5658347330967192,1.0,1.0,99.0,0.661993196690834,True,4214.2243,False,False,True,1.0,0.5132477440400283,1.0,0.5658347330967192,0.75,0.36649291437419435,0.9323986393381668,0.7541946663584552,0.7523775727466289,0.0,0.6835189694245924,0.2988250942141432,False,True,False,True,0.7543479673307091,0.0,0.6700699362377011,0.6835189694245924,True,False,True,SECOND_LEG_REACCELERATION,True,0.6700699362377011,B,2
WELENT,6,6,1,0.5903498646597211,0.5903498646597211,0.85,0.0,0.999998984368529,0.2499997460921322,18729.0,,2026-09-20 05:03:22+00:00,True,2026-06-30,5433600000.0,,815700000.0,604400000.0,149800000.0,,965500000.0,0.1776906654888103,0.1112338044758539,-0.3286879169755374,-0.3507358470297561,0.0,-0.4028696889108788,0.0,-0.022074592727152,-0.0999652150867138,-0.3034458914371326,0.0,-0.2088659455916093,0.0,-0.024459373437164,0.0108953952383088,0.068608789207978,-0.1041545104446259,0.0,0.0,0.0103100467094756,-0.1222481357140734,0.0069433962264151,-0.0426356589147286,0.0217274232491704,25345300000.0,26845400000.0,4583700000.0,4404100000.0,2819700000.0,3055400000.0,-0.0558792195310928,0.0407801821030402,-0.0771421090528244,0.0,0.180850098440342,0.0167959215608766,25162600000.0,4271500000.0,2844400000.0,0.0668770317852687,0.0310429591478402,0.0741808465757276,-0.1227562513163615,-0.005701730697653,standalone,12,6,6,14,130,144,6,1,0.85,0.4,0.0,0.0,0,2026-08-04 13:20:42+00:00,2026-09-20 05:03:22+00:00,0.7946713767856319,1,0.6499999999999999,"[""renewables"", ""water_environment""]",Bagging/Receiving of orders/contracts,https://nsearchives.nseindia.com/corporate/WELENT_20092026103109_FinalUpload.pdf,2026-09-20 05:03:22+00:00,commissioned_or_loa,"[""order""]","[""water_environment""]",2026-10-05,INE625G01013,723.1,723.1,433622372.4555556,1446.2,0.3397781233217159,0.0458892673381402,0.2053336633318406,0.2234863324090139,0.1790326905034601,0.1268166841331166,0.0341713277855573,0.045474435191778,0.0581502228264581,0.0341713277855573,0.5071805088725795,0.0513169196305752,0.5071805088725795,0.4671691628228273,0.0451073957613878,0.1732057416267942,0.2053336633318406,0.0458892673381402,0.1732057416267942,0.5071805088725795,False,,,N100_drop0.50_s0.20_c0.05,1.0,0.0,0.0,False,False,1.0068271698186462,1.0170734897113791,-0.0865463796488452,-0.1149304575594532,False,,,-0.054462242562929,0.1776872964169382,0.6326484533754799,0.3302060338484178,-0.1136913413685751,0.4827652691085351,0.4666666666666667,0.3305226016759419,0.375341368227196,0.3,0.1,,0.0,0.0,0.0,0.6105947261381053,0.0,0.0,0.0,0.0,0.0,0.0,0.0,0.0,0.0,0.0,0.0,0.0,0.0,1.0,1.0,0.0,0.0,56.13,0.6500000000000057,1.2995352535242948,0.0,0.7064220183486238,0.0,0.0999999999999999,0.4930992712553919,0.2422397085021567,0.6488289567068843,0.0128261781117956,0.9871738218882044,0.2468772178850248,0.4343763287243126,True,False,True,True,True,0.0458892673381402,-3.034548474016133,0.6973613237191902,0.0493099271255391,0.3483361824464694,0.0,0.6848828956706884,0.5068370647964197,0.8317955997161107,0.5215246370966983,0.8956706884315118,0.5148732127051431,0.915542938254081,0.8918381831085878,True,0.8050638750887154,0.4114339188445192,GDELT_PLUS_GOOGLE_NEWS,0.5162508429966378,0.45979877034412303,0.48803279085086954,0.5553203366719505,0.5023546384556523,1.0,1.0,99.0,0.661993196690834,True,2534.53,False,False,True,1.0,0.4114339188445192,0.85,0.5023546384556523,0.645,0.26603268663981844,0.8798986393381668,0.6681849418000767,0.6488289567068843,0.0128261781117956,0.6422548552905131,0.6326484533754799,False,True,False,True,0.6970235497641727,0.006200990309446675,0.6612875513177869,0.6422548552905131,True,False,True,SECOND_LEG_REACCELERATION,True,0.6612875513177869,B,5
REFEX,5,5,1,0.7297000215558747,0.7297000215558747,1.0,0.0,0.999998984368529,0.2499997460921322,1635.0,,2026-09-25 08:51:26+00:00,True,2026-06-30,6192509000.0,,983473000.0,736378000.0,110238000.0,,1093711000.0,0.1766183949026154,0.1189143205120897,-0.1166565173251328,-0.2143290015577321,0.0,-0.224647277254044,0.0,-0.0245993263754969,0.6953910344950316,1.2218474108850843,0.0,1.3095413061014187,0.0,0.0469661377839683,0.3505759642820207,1.0182791296681049,0.854781528409009,0.0,0.0,0.0627514187469831,-0.1863304577444288,0.3638628959535868,0.2439894927043624,0.0709526661202997,23195084000.0,22056192000.0,4261780000.0,2529412000.0,2872248000.0,1865858000.0,0.0516359306266467,0.6848896107079432,0.539371163293241,0.0,0.1837363468914361,0.069055988650086,15788440000.0,1742742000.0,1149018000.0,0.3969836158607183,0.4513978546451511,0.6238718627558488,-0.3453476852340715,0.0042994719726623,standalone,12,6,6,14,85,99,5,1,0.85,1.0,0.85,0.85,0,2026-07-29 11:09:49+00:00,2026-09-25 08:51:26+00:00,0.5533131896346419,0,0.15000000000000002,"[""renewables""]",Investor Presentation,https://nsearchives.nseindia.com/corporate/REFEX2002_29072026171446_RIL_Investor_Presentation_Q1_revised.pdf,2026-07-29 11:45:02+00:00,commissioned_or_loa,"[""capacity"", ""commissioning"", ""order"", ""approval""]","[""renewables""]",2026-10-05,INE056I01025,271.3,271.3,165753643.0079365,542.6,0.2970668804624461,0.0366275713399889,0.2343177095626835,0.1563158474378588,0.1682885127761003,0.0706059162410987,0.0267677351970623,0.0361584654471024,0.0471240817008836,0.0267677351970623,0.4340882833552615,0.0488814318146384,0.4340882833552615,0.4163245502036236,0.0728283010916241,0.1578542883492161,0.2343177095626835,0.0366275713399889,0.1578542883492161,0.4340882833552615,False,,,N100_drop0.50_s0.20_c0.05,1.0,0.0,0.0,False,False,1.0068271698186462,1.0170734897113791,-0.0865463796488452,-0.1149304575594532,False,,,-0.0284691136974036,-0.2241921647126107,0.2745466503805318,-0.2393102481424365,0.0462616078734665,0.0884240088402454,0.35,0.1565450657148859,0.7424604360110605,0.15,0.05,,0.0431764217483135,0.0,0.0,0.0,0.0,0.0,0.0,0.0,0.0,0.0,0.0,0.0,0.0,0.0,0.0,0.0,0.0,0.0,0.0,0.0,0.0,,,0.0,0.0,0.0,0.0,0.0,0.5288416149228898,0.2115366459691559,0.498083747338538,0.0,1.0,0.3446061036195884,0.1510016206832045,False,False,True,True,False,0.0366275713399889,-3.269638802890969,0.0,0.0,0.0,0.0,0.5131298793470547,0.4569040114956502,0.5102909865152591,0.4660904283179322,0.4499645138396025,0.4822795102384583,0.4790631653655074,0.4751242015613911,False,0.4520652945351313,0.4114339188445192,GDELT_PLUS_GOOGLE_NEWS,0.8386115431155643,0.5635059997310039,0.7528872757814811,0.9023863859232037,0.7622565302237535,1.0,1.0,99.0,0.661993196690834,True,2319.5084,False,False,True,0.7048907432281771,0.4114339188445192,1.0,0.7622565302237535,0.7725,0.2274018944168426,0.9323986393381668,0.699038461206385,0.498083747338538,0.0,0.6312790301432486,0.2745466503805318,False,True,False,True,0.7022847060635022,0.0,0.6371265988585706,0.6312790301432486,True,False,True,SECOND_LEG_REACCELERATION,True,0.6371265988585706,B,7
YATHARTH,7,6,2,0.6889418214779499,0.6889418214779499,1.1,0.0,0.999998984368529,0.2499997460921322,2000.0,,2026-09-30 14:15:00+00:00,True,2026-06-30,3926540000.0,,612050000.0,454230000.0,65920000.0,,677970000.0,0.1726634645260203,0.1156819999286904,0.1495800189130556,0.0162199650991095,0.0,0.1889413043859495,0.0,0.0057162249245412,0.5232667755488398,0.0804709800190295,0.0,0.1514827269948029,0.0,-0.0557485756181386,0.4997732620845181,0.151677877118683,0.1158698909153943,0.0,0.0,-0.0513838904819449,0.3729924952451575,0.3496202501460577,0.3725892290415507,-0.003267677463121,13341090000.0,9264750000.0,2380140000.0,1922520000.0,1744570000.0,1422060000.0,0.4399838096009068,0.2380313338742901,0.2267907120655949,0.0,0.1784067118953548,-0.0291023952041351,7276090000.0,1768270000.0,1258240000.0,0.2733143762652743,0.0872321534607272,0.1301977365208544,0.1666694333356324,-0.0355156493287565,consolidated,12,6,6,12,14,26,6,2,1.0,1.1,1.0,1.1,2,2026-08-10 11:01:14+00:00,2026-09-17 06:24:19+00:00,0.764084360229259,3,1.1,"[""industrial_automation"", ""railways""]",Investor Presentation,https://nsearchives.nseindia.com/corporate/YATHARTH_11082026102937_IP-Merged_Revised.pdf,2026-08-11 05:00:29+00:00,utilisation_ramp_or_repeat_order,"[""capacity"", ""commissioning""]","[""industrial_automation""]",2026-10-05,INE0JO301016,1003.0,1003.0,526539522.3698413,2006.0,0.3553368896573325,0.0496105828511281,0.2030839629586487,0.2442860683254919,0.1891372633614461,0.0937685485147576,0.0371366565794229,0.049373069957184,0.0627705092230659,0.0371366565794229,0.5042947147423639,0.0360048761668085,0.5042947147423639,0.4602937924898774,0.0441731977023424,0.1732057416267942,0.2030839629586487,0.0496105828511281,0.1732057416267942,0.5042947147423639,False,,,N100_drop0.50_s0.20_c0.05,1.0,0.0,0.0,False,False,1.0068271698186462,1.0170734897113791,-0.0865463796488452,-0.1149304575594532,False,,,0.042294502753819,0.2218296991107322,0.4831792975970426,0.2540635158789699,-0.0316487302830916,0.7655449255495688,0.5166666666666667,0.6236705453238334,0.793633423806316,0.5,0.25,,0.1961854328994101,0.0,0.0,0.0,0.0,0.0,0.0,0.0,0.0,0.0,0.0,0.0,0.0,0.0,0.0,0.0,0.1009482589973276,0.0,0.0,0.0,0.0,55.8,0.0,0.0,0.0,0.0,0.0,0.0,0.8420588223672695,0.3368235289469078,0.7867281760113555,0.0,1.0,0.3084520754854325,0.2166108885150476,False,False,True,True,False,0.0496105828511281,-2.952667638485509,0.0,0.0,0.0,0.0,0.7629524485450674,0.4574564767207709,0.5138396025550035,0.4635159335525021,0.3797019162526615,0.4844711807961069,0.5933286018452804,0.5026614620298084,False,0.5499035504358428,0.2588559614607049,GDELT_PLUS_GOOGLE_NEWS,0.6361581313780035,0.764296836683181,0.7312410369729019,0.6927720863805653,0.6957014820736618,1.0,1.0,99.0,0.661993196690834,True,1334.109,False,False,True,1.0,0.2588559614607049,1.0,0.6957014820736618,0.95,0.3620852936179259,0.9323986393381668,0.7501447282753222,0.7867281760113555,0.0,0.6327852517836943,0.4831792975970426,False,True,False,True,0.8011550952791988,0.0,0.6356219069058723,0.6327852517836943,True,False,True,SECOND_LEG_REACCELERATION,True,0.6356219069058723,B,8
PARAGMILK,8,8,1,0.7519664516192343,0.7519664516192343,0.85,0.0,0.9999938557876468,0.2499984639469116,105.0,300.0,2026-09-21 15:56:24+00:00,True,2026-06-30,9445700000.0,,292900000.0,220500000.0,219000000.0,,511900000.0,0.0541939718602115,0.0233439554506283,-0.000814521759367,-0.3160669975186104,0.0,-0.1563941990771259,0.0,-0.0099945740597749,0.1092751785043217,-0.2005076142131979,0.0,0.0404471544715447,0.0,-0.0035850585794728,0.0678845273679631,0.0463941633149378,0.0092954080684142,0.0,0.0,-0.0012156847791211,0.1506864916886385,0.0656964315079757,0.1522671568627451,-0.0051154540735471,39105500000.0,35258000000.0,2414800000.0,2285300000.0,1295100000.0,1190700000.0,0.1091241704010437,0.0566665208068961,0.0876795162509447,0.0,0.0617509046042116,-0.0030655909428981,31470440000.0,1713720000.0,964660000.0,0.1203529407278702,0.3335317321382722,0.2343209006282005,-0.0112287703268265,0.0103615848436052,consolidated,12,6,6,14,76,90,8,1,0.0,0.85,0.15,0.85,0,2026-08-06 18:05:59+00:00,2026-09-21 15:56:24+00:00,0.8102223026045632,2,0.7,"[""power_td""]",Capacity addition,https://nsearchives.nseindia.com/corporate/PARAGMILK_21092026212216_01_Intimation.pdf,2026-09-21 15:56:24+00:00,commissioned_or_loa,"[""capacity"", ""commissioning""]","[""power_td""]",2026-10-05,INE883N01014,281.0,281.0,312663096.80444443,562.0,0.3461201954870377,0.0473823234914017,0.2206305816041237,0.2147586392915355,0.1953387135635273,0.1548937824482137,0.0353627545178497,0.0470671527742355,0.059947439623399,0.0353627545178497,0.4779411557464958,0.0867620846467764,0.4779411557464958,0.4353374835462297,0.0872016126884269,0.1578542883492161,0.2206305816041237,0.0473823234914017,0.1578542883492161,0.4779411557464958,False,,,N100_drop0.50_s0.20_c0.05,1.0,0.0,0.0,False,False,1.0068271698186462,1.0170734897113791,-0.0865463796488452,-0.1149304575594532,False,,,0.1054287962234461,0.2331592574713652,0.4546772273127297,-0.0330683734214239,0.027709043732991,0.7846828624135671,0.4666666666666667,0.6834519086231592,0.6983810184470591,0.6,0.55,,0.1339620382114688,0.6846783212224286,0.0,0.0,0.0493648531184429,0.0,0.0,0.0,0.0,0.0,0.0,0.0,0.0,0.0,0.0,0.0,0.2113328419700155,2.0,2.0,0.0,0.0,40.49,-0.1599999999999966,2.226638446373105,0.0,0.8880733944954129,0.0,0.0,0.8548797303640023,0.3419518921456009,0.7516678495386799,0.0,1.0,0.5079859025920062,0.4952825606748617,True,False,True,True,True,0.0473823234914017,-3.0009644072347745,0.8880733944954129,0.0,0.7591959440296828,0.0,0.7267565649396736,0.5020669759293019,0.8126330731014905,0.4656102656764056,0.43222143364088,0.4701346637780985,0.048970901348474,0.3358410220014194,True,0.402317094623695,0.5132477440400283,GDELT_PLUS_GOOGLE_NEWS,0.5270677635816508,0.5889633995688363,0.5668724873262276,0.6893655631299644,0.5748472872596095,1.0,1.0,99.0,0.661993196690834,True,3910.55,False,False,True,1.0,0.5132477440400283,0.85,0.5748472872596095,0.0725,0.36759828405652095,0.8798986393381668,0.6381169609094925,0.7516678495386799,0.0,0.6201882664279696,0.4546772273127297,False,True,False,True,0.615906374355548,0.0,0.6238226530791634,0.6201882664279696,True,False,True,SECOND_LEG_REACCELERATION,True,0.6238226530791634,B,10
ADANIENSOL,5,4,2,0.5536663014720458,0.5536663014720458,0.85,0.0,0.999998984368529,0.2499997460921322,4700.0,,2026-10-01 06:30:00+00:00,True,2026-06-30,9185900000.0,,637900000.0,491000000.0,2773700000.0,,3411600000.0,0.3713952906084325,0.0534514854287549,-0.2663780917316892,-0.7534274092301512,0.0,-0.2577669480462971,0.0,0.0043088059782423,0.1128219417052309,-0.6861215879307039,0.0,0.1014754786426888,0.0,-0.003825798238998,0.1845933881230694,0.2173727976163328,-0.2990031346191861,0.0,0.0,0.009933396918425,0.5979482408246211,0.1251532739311698,-0.3723320618466645,-0.2215468026510223,34760200000.0,26493200000.0,14890000000.0,12694600000.0,4637900000.0,6975400000.0,0.3120423353917232,0.1729396751374601,-0.33510623046707,0.0,0.4283634731675882,-0.0508009916762207,16168000000.0,7827900000.0,3706900000.0,0.6386194952993567,0.6217120811456458,0.8817340635031967,-0.3265771599076335,-0.0049956044288283,standalone,12,6,6,15,86,101,4,2,0.85,0.85,0.0,0.85,1,2026-07-28 14:38:34+00:00,2026-09-08 17:50:49+00:00,0.682003529214692,3,0.85,"[""power_td""]",Press Release,https://nsearchives.nseindia.com/corporate/ADANITRANS_26082026090003_AESL_Press_Release_Satara_Transmission_Proj_win_.pdf,2026-08-26 03:30:48+00:00,trial_production_or_l1_bidder,"[""order""]","[""power_td""]",2026-10-05,INE931S01010,1353.4,1353.4,4343668616.104762,2706.8,0.2008507554781353,0.0200409288825275,0.1701580712148095,0.1177783030769525,0.1813523668313547,0.1125879774216827,0.0130151659159221,0.0196419771280429,0.0280929173094205,0.0130151659159221,0.4342116467190055,0.0684100910166599,0.4342116467190055,0.3478644945292597,0.1090381011998624,0.1330698287220026,0.1701580712148095,0.0200409288825275,0.1330698287220026,0.4342116467190055,False,,,N100_drop0.50_s0.20_c0.05,1.0,0.0,0.0,False,False,1.0068271698186462,1.0170734897113791,-0.0865463796488452,-0.1149304575594532,False,,,-0.0233095186548314,-0.1637936360827926,0.3652090583547689,0.6376066307701616,0.0312883600394327,-0.4217218207227198,0.4833333333333333,-0.3579664459283819,0.611003219238187,0.15,0.05,,0.0,0.0,0.0,0.3704091103408589,0.0,0.0,0.0,0.0,0.0,0.0,0.0,0.0,0.0,0.0,0.0,0.0,0.0,1.0,1.0,0.0,0.0,73.39,-1.3199999999999932,1.083368199306773,0.0,0.6284403669724771,0.0,0.0,0.331071371838374,0.1324285487353496,0.3303051809794181,0.0,1.0,0.1098651525904897,0.3696120108335727,True,False,True,True,True,0.0200409288825275,-3.889734180060629,0.6284403669724771,0.0,0.2080586144121891,0.0,0.1178140525195173,0.461596983270854,0.560681334279631,0.4888170890694526,0.7636621717530163,0.4989734358929268,0.843860894251242,0.7591554293825409,False,0.5557665010645849,0.5132477440400283,GDELT_PLUS_GOOGLE_NEWS,0.5787061417102735,0.6190029829656786,0.6149212460303278,0.9475021977855859,0.6513427812994325,1.0,1.0,99.0,0.661993196690834,True,3476.02,False,False,True,1.0,0.5132477440400283,0.85,0.6513427812994325,0.695,0.1423606898905008,0.8798986393381668,0.7010025706584657,0.3303051809794181,0.0,0.5680738805154171,0.6376066307701616,False,True,False,True,0.7482683681572028,0.0,0.6079702950888181,0.5680738805154171,True,False,True,SECOND_LEG_REACCELERATION,True,0.6079702950888181,B,11
SHREEPUSHK,6,6,1,0.6319666311195652,0.6319666311195652,1.0,0.0,0.999998984368529,0.2499997460921322,512.0,,2026-09-10 13:01:00+00:00,True,2026-06-30,1574099000.0,,169269000.0,121195000.0,17032000.0,,186301000.0,0.1183540552404899,0.0769932513774546,0.0739710755614626,0.0712612588723007,0.0,0.2930744884644216,0.0,0.0200543570114755,0.0957251309009858,0.1183755202229461,0.0,0.2682078406545904,0.0,0.0160967528379817,0.0288724535679241,0.1082794642048448,0.115672299114901,0.0,0.0,0.0077871261946112,0.1211448915773867,0.3738202475530623,0.334918097328768,0.0193236384411824,5806538000.0,5422274000.0,621065000.0,509690000.0,458111000.0,377671000.0,0.0708676839274444,0.218515175891228,0.2129896126522821,0.0,0.1069596031232379,0.0129602958215413,4921837000.0,383756000.0,291075000.0,0.1016768738989122,0.3281616443781987,0.2975040797045434,-0.0308091899714677,0.0160292323073398,standalone,12,6,6,12,72,84,6,1,0.0,1.0,1.0,1.0,1,2026-08-12 16:00:34+00:00,2026-09-10 13:01:00+00:00,0.6985577795606284,3,1.0,"[""renewables""]",Analysts/Institutional Investor Meet/Con. Call Updates,https://nsearchives.nseindia.com/corporate/SHREEPUSHK_18082026192645_SETranscriptearningscallUploading.pdf,2026-08-18 13:56:56+00:00,commissioned_or_loa,"[""capacity"", ""commissioning""]","[""renewables""]",2026-10-05,INE712K01011,494.55,494.55,38867639.439682536,989.1,0.3875543979217684,0.0579796868207282,0.1951390141059943,0.2971199126241113,0.1947180057756634,0.117204573301377,0.0434491414126039,0.0577370761719603,0.0735940512757627,0.0434491414126039,0.5297237950413058,0.059819302116771,0.5297237950413058,0.4955832057784231,0.048597979693378,0.1732057416267942,0.1951390141059943,0.0579796868207282,0.1732057416267942,0.5297237950413058,False,,,N100_drop0.50_s0.20_c0.05,1.0,0.0,0.0,False,False,1.0068271698186462,1.0170734897113791,-0.0865463796488452,-0.1149304575594532,False,,,0.0358152686145145,0.1449241810394721,0.5100763358778626,0.2870527000650618,-0.0124927917319761,0.3802850552463408,0.5166666666666667,0.2624449807978393,0.5763750426217312,0.3,0.2,,0.0307907617339053,0.0,1.070103308447376,0.0,0.0,0.0,0.0,0.0,0.0,0.0,0.0,0.0,0.0,0.0,0.0,0.0,0.0,1.0,2.0,0.0,0.0,69.36,0.0,2.43762913555922,0.0,0.9137614678899084,0.0,0.0,0.6653017361467808,0.2661206944587123,0.8339247693399574,0.0,1.0,0.2024840312278211,0.5393665596259686,True,False,True,True,True,0.0579796868207282,-2.787934116254727,0.9137614678899084,0.0,0.6079270910111869,0.0,0.8687012065294535,0.5202019860546822,0.8708303761533002,0.5548805009446482,0.9375443577004968,0.5319625157175617,0.9552874378992192,0.9321859474804828,True,0.8928921220723918,0.4114339188445192,GDELT_PLUS_GOOGLE_NEWS,0.5397205990808565,0.6710087938199574,0.6050440173344104,0.6851691398679747,0.6074246125344103,1.0,1.0,99.0,0.661993196690834,True,580.6538,False,False,True,0.8817646590791276,0.4114339188445192,1.0,0.6074246125344103,0.19999999999999998,0.28607974654311574,0.9323986393381668,0.6463670827956755,0.8339247693399574,0.0,0.6176798976063061,0.5100763358778626,False,True,False,True,0.6050727940027653,0.0,0.600013769749082,0.6176798976063061,True,False,True,SECOND_LEG_REACCELERATION,True,0.600013769749082,B,15
ENGINERSIN,10,8,3,0.6319666311195652,0.6319666311195652,0.85,0.0,0.999998984368529,0.2499997460921322,15109.0,,2026-10-02 04:30:00+00:00,True,2026-06-30,8008679000.0,,1453560000.0,1085948000.0,4466000.0,,1458026000.0,0.1820557422765976,0.135596394861125,-0.1088274463216433,-0.2856380721829538,0.0,-0.2534387034437981,0.0,-0.0352647664409748,-0.0656591776794542,0.5495722775950513,0.0,0.545979887775313,0.0,0.0720270715985638,-0.0804781002809258,-0.1875788957218869,-0.1682115472509402,0.0,0.0,-0.0264584798447876,0.4678578996543308,1.487861890098594,1.491514436819331,0.1069015747066529,37935738000.0,32748764000.0,8871021000.0,6393238000.0,6772553000.0,4805396000.0,0.1583868630889398,0.387563078364985,0.409364181432706,0.0,0.233843374814535,0.0386226330485251,30344472000.0,3940314000.0,2981452000.0,0.0792332784699632,0.622519931152695,0.6117636641475361,0.0791535846189765,0.0653679633093605,standalone,12,6,6,12,108,120,8,3,0.7,0.85,0.55,0.85,3,2026-05-21 18:33:48+00:00,2026-09-22 06:38:53+00:00,0.5309654409955796,0,0.15000000000000002,"[""green_hydrogen"", ""industrial_automation"", ""power_td"", ""renewables""]",Press Release,https://nsearchives.nseindia.com/corporate/ENGINERSIN_22092026120820_Pressreleaseonkenya22092026.pdf,2026-09-22 06:38:53+00:00,commissioned_or_loa,"[""capacity"", ""commissioning""]","[""renewables""]",2026-10-05,INE510A01028,307.85,307.85,1248253303.499524,615.7,0.3316394535249118,0.0440198440102777,0.1892853694717845,0.2325580901108126,0.1883000009086167,0.0895162859359566,0.0326001392203294,0.0435396365453586,0.0559145531706833,0.0326001392203294,0.4874068601806797,0.032325399169169,0.4874068601806797,0.427600157055092,0.0670507566320811,0.1578542883492161,0.1892853694717845,0.0440198440102777,0.1578542883492161,0.4874068601806797,False,,,N100_drop0.50_s0.20_c0.05,1.0,0.0,0.0,False,False,1.0068271698186462,1.0170734897113791,-0.0865463796488452,-0.1149304575594532,False,,,0.0918602589111545,0.2973576636183574,0.5220508256699299,0.4655336570503667,-0.0072589622949645,0.4388265207714661,0.5,0.3375954666876708,0.6391929718246837,0.3,0.25,,0.0521363334470448,0.0,0.0,0.0,0.0,0.0,0.0,0.0,0.0,0.0,0.0,0.0,0.0,0.0,0.0,0.0,0.0,0.0,0.0,0.0,0.0,,,0.0,0.0,0.0,0.0,0.0,0.7190064599905429,0.2876025839962172,0.7217175301632364,0.0,1.0,0.1801277501774308,0.2170532364887633,False,False,True,True,False,0.0440198440102777,-3.078096623021231,0.0,0.0,0.0,0.0,0.6564939673527325,0.4355541170282124,0.2966643009226402,0.458157607678577,0.2150461320085167,0.4821469243464077,0.4698367636621717,0.3460255500354862,False,0.421153300212917,0.5132477440400283,GDELT_PLUS_GOOGLE_NEWS,0.41320955598746956,1.0,0.7145235743718388,0.7947960270858387,0.6774079413322314,1.0,1.0,99.0,0.661993196690834,True,3793.5738,False,False,True,1.0,0.5132477440400283,0.85,0.6774079413322314,0.7224999999999999,0.30917277779593344,0.8798986393381668,0.7246329018536009,0.7217175301632364,0.0,0.6096396075013336,0.5220508256699299,False,True,False,True,0.7686252625606741,0.0,0.5949636346552751,0.6096396075013336,True,False,True,SECOND_LEG_REACCELERATION,True,0.5949636346552751,B,18
ELLEN,9,8,2,0.7801354351565812,0.7801354351565812,1.1,0.0,0.999998984368529,0.2499997460921322,481.0,90.0,2026-09-29 14:00:00+00:00,True,2026-06-30,987160000.0,,464580000.0,349620000.0,19520000.0,,484100000.0,0.4903966935451193,0.354167510839175,0.1290473848546887,0.527792343995805,0.0,0.3591442529058342,0.0,0.0830219037060425,0.1803898122683247,0.8684266780675503,0.0,0.492385473826993,0.0,0.1025215291304356,,,,,,,,,,,,,,,,,,,,,,,,,,,,,,,standalone,5,5,0,8,0,8,8,2,1.1,1.1,0.0,1.1,2,2026-05-26 10:37:48+00:00,2026-09-28 13:11:48+00:00,0.5772844099454008,0,0.0,"[""defence_aerospace"", ""green_hydrogen"", ""power_td"", ""renewables"", ""water_environment""]",Analysts/Institutional Investor Meet/Con. Call Updates,https://nsearchives.nseindia.com/corporate/ELLENBARRIE2024_13082026145002_Announcement_Earnings_Conference_Call_Transcript.pdf,2026-08-13 09:20:13+00:00,utilisation_ramp_or_repeat_order,"[""capacity"", ""commissioning""]","[""renewables"", ""power_td""]",2026-10-05,INE236E01022,332.55,332.55,317064396.49206346,665.1,0.3379294200260243,0.0454600783658855,0.2873963700428409,0.1581790276582441,0.175447492635126,0.0940620015695152,0.0338305008989635,0.0450172872289048,0.0576084200738738,0.0338305008989635,0.4861636217152332,0.0666937574482261,0.4861636217152332,0.4905355040897811,0.0686216120319616,0.1732057416267942,0.2873963700428409,0.0454600783658855,0.1732057416267942,0.4861636217152332,False,,,N100_drop0.50_s0.20_c0.05,1.0,0.0,0.0,False,False,1.0068271698186462,1.0170734897113791,-0.0865463796488452,-0.1149304575594532,False,,,0.0063549704947798,0.2431775700934579,0.6079199303742386,-0.3876818265512797,-0.0747042195363728,0.7810874748366292,0.5333333333333333,0.6568573113830227,0.6770682998620753,0.55,0.35,,0.1472557665280453,0.0,0.7158714534514958,0.0,0.0,0.0,0.0,0.0,0.0,0.0,0.0,0.0,0.0,0.0,0.0,0.0,0.1103323293710024,1.0,1.0,0.0,0.0,,,1.64483931681437,0.0,0.8036697247706422,0.0,0.0,0.8365333895440762,0.3346133558176305,0.7279630943931867,0.002022410791993,0.9979775892080068,0.5402744035595348,0.4564906504503216,True,False,True,True,True,0.0454600783658855,-3.044394924681605,0.8020443744460679,0.0,0.6722965589363402,0.0,0.6777856635911994,0.5554196646872409,0.9254790631653655,0.5554062871409157,0.9382540809084458,0.5145604423150822,0.9141234918381832,0.9248403122782116,True,0.7966964773161543,0.5132477440400283,GDELT_PLUS_GOOGLE_NEWS,,,,,0.764559438578877,0.4166666666666667,0.7375,99.0,0.661993196690834,True,394.864,False,False,True,1.0,0.5132477440400283,1.0,0.5638625859519218,0.7999999999999999,0.3597093575039528,0.8157319726715001,0.7522402100711594,0.7279630943931867,0.002022410791993,0.6037988007082434,0.6079199303742386,False,True,False,True,0.751849086034331,0.0012635317485231218,0.5889042299925178,0.6037988007082434,True,False,True,SECOND_LEG_REACCELERATION,True,0.5889042299925178,C,20
SILVERTUC,4,3,2,0.5633333333333334,0.5633333333333334,1.0,0.0,0.9850044231795224,0.2462511057948805,50.0,,2026-09-28 07:30:00+00:00,True,2026-06-30,767210000.0,,131233000.0,100078000.0,15187000.0,,146420000.0,0.1908473560042231,0.1304440765891998,-0.2291237123760605,-0.2426996390492694,0.0,-0.2427047883069729,0.0,-0.0034225918678565,0.2226610060367304,1.4795104306030424,0.0,1.07044782873061,0.0,0.0781463175846097,0.1963927393187341,0.646001579311982,0.752737839163742,0.0,0.0,0.0526582861978617,0.2213131910324628,0.8746938105401412,0.9126794382173647,0.0553603322923792,3559653000.0,2944670000.0,625235000.0,358694000.0,417034000.0,229116000.0,0.2088461525400129,0.7430874227057045,0.820187154105344,0.0,0.1756449294355376,0.0538336568650968,2384411000.0,256858000.0,179123000.0,0.23496746156598,0.3964680874257371,0.2790987198740531,-0.0261213090259671,0.0140873944303047,consolidated,12,6,6,13,22,35,3,2,1.0,0.0,0.2,0.0,0,2026-02-23 12:29:00+00:00,2026-09-07 13:35:49+00:00,0.5035375040574416,1,0.0,"[""data_centres"", ""industrial_automation""]",Press Release,https://nsearchives.nseindia.com/corporate/SILVERTUC_05032026102907_Business_Update_Release_Odisha_signed.pdf,2026-03-05 04:59:25+00:00,commercial_production_or_purchase_order,"[""order""]",[],2026-10-05,INE625X01026,137.41,137.41,97637292.19714284,274.82,0.3717262177646131,0.053751379879742,0.2494779944123503,0.2154553951997023,0.1822615080820425,0.0485551169028419,0.0404411626599333,0.0535141616393811,0.0677597167658383,0.0404411626599333,0.5290555781710139,0.0292649706150903,0.5290555781710139,0.5230486696228949,0.0244508627365548,0.1919720767888307,0.2494779944123503,0.053751379879742,0.1919720767888307,0.5290555781710139,False,,,N100_drop0.50_s0.20_c0.05,1.0,0.0,0.0,False,False,1.0068271698186462,1.0170734897113791,-0.0865463796488452,-0.1149304575594532,False,,,-0.1903723780344096,-0.2670293913692857,0.1579169124462796,0.8862045298558681,-0.1013625809113144,-0.1995723489709034,0.3666666666666666,-0.0484138403955859,0.2436279401437068,0.1,0.05,,0.0,0.0,0.0,0.0,0.0,0.0,0.0,0.0,0.0,0.0,0.0,0.0,0.0,0.0,0.0,0.0,0.0,0.0,0.0,0.0,0.0,,,0.0,0.0,0.0,0.0,0.0,0.2617314144217665,0.1046925657687066,0.5372604684173172,0.0,1.0,0.385805535841022,0.122028357907755,False,False,True,True,False,0.053751379879742,-2.8681360076298152,0.0,0.0,0.0,0.0,0.8168914123491838,0.4580172602846688,0.5202271114265437,0.4687516417750469,0.5322924059616749,0.4805173901140755,0.3747338537970192,0.4589779985805536,False,0.5277714691270405,0.5132477440400283,GDELT_PLUS_GOOGLE_NEWS,0.7533698127268609,0.8648816674559345,0.8361802899262082,0.7851211020656934,0.8025725652498237,1.0,1.0,99.0,0.661993196690834,True,355.9653,False,False,True,0.1404631294117713,0.5132477440400283,1.0,0.8025725652498237,0.83,0.11254450820135958,0.9323986393381668,0.6168264855367253,0.5372604684173172,0.0,0.5700488392455619,0.8862045298558681,False,True,False,True,0.5589739438838749,0.0,0.5608912886442893,0.5700488392455619,True,False,True,SECOND_LEG_REACCELERATION,True,0.5608912886442893,C,27
NATIONALUM,6,5,2,0.5908041058302742,0.5908041058302742,0.85,0.0,0.9999938557876468,0.2499984639469116,25000.0,20.0,2026-09-29 10:15:00+00:00,True,2026-06-30,53023800000.0,,26889000000.0,20023800000.0,95500000.0,,26984500000.0,0.5089129787001309,0.3776379663471875,0.0577638933773803,0.1657264613933666,0.0,0.1556036144062353,0.0,0.0430873555977653,0.392819429778247,0.8821837459816142,0.0,0.8774307560651495,0.0,0.1313630304477286,0.1366899656961002,0.1902459210215181,0.183901242111494,0.0,0.0,0.0219567371520854,0.0415053614506504,0.1431841784944556,0.1471070818273927,0.0403632661144913,193384900000.0,177384700000.0,91283900000.0,78109600000.0,67542800000.0,57873100000.0,0.0902005640847265,0.168664287104274,0.1670845349566552,0.0,0.4720322010663707,0.0316920815408423,128254700000.0,27212200000.0,23117800000.0,0.3830658837453911,1.870389016691043,1.5033999775065103,-0.2928653196606645,0.2281669983845488,standalone,12,6,6,14,106,120,5,2,0.0,0.85,0.85,0.85,1,2026-07-31 15:31:51+00:00,2026-09-14 13:22:34+00:00,0.7369727764001393,4,0.85,"[""battery_bess"", ""defence_aerospace"", ""power_td""]",Investor Presentation,https://nsearchives.nseindia.com/corporate/bharatsahu_14092026185223_SELETTERInvmeetPPT.pdf,2026-09-14 13:22:34+00:00,under_construction_or_vendor_approved,"[""capacity"", ""commissioning""]","[""battery_bess"", ""defence_aerospace""]",2026-10-05,INE139A01034,340.0,340.0,2432657916.981746,680.0,0.2481420493347812,0.0275275852375981,0.1993739226954619,0.1380701390905861,0.1576817116921975,0.137714789338361,0.0192315450444556,0.0269650455449339,0.0368388538264165,0.0192315450444556,0.4614409482187178,0.0334888910184086,0.4614409482187178,0.4306996292894513,0.0676047379574438,0.1578542883492161,0.1993739226954619,0.0275275852375981,0.1578542883492161,0.4614409482187178,False,,,N100_drop0.50_s0.20_c0.05,1.0,0.0,0.0,False,False,1.0068271698186462,1.0170734897113791,-0.0865463796488452,-0.1149304575594532,False,,,-0.0909090909090909,-0.0271816881258941,-0.1663601814392546,0.5942980399512332,-0.0818485282004595,-0.2890713680096433,0.4833333333333333,-0.2616561734687916,0.4174715173702535,0.1,0.0,,0.0,0.0,0.0,0.0,0.0,0.0,0.0,0.0,0.0,0.0,0.0,0.0,0.0,0.0,0.0,0.0,0.0,0.0,0.0,0.0,0.0,,,0.0,0.0,0.0,0.0,0.0,0.2240418736692689,0.0896167494677075,0.4017033356990774,0.0,1.0,0.2206884315117104,0.129471256210078,False,False,True,True,False,0.0275275852375981,-3.5646531083540376,0.0,0.0,0.0,0.0,0.3371185237757275,0.4321835128075169,0.2618878637331441,0.4614795767884216,0.3136976579134137,0.4785149981899753,0.2044002838892832,0.2541518807665011,False,0.256973030518098,0.5132477440400283,GDELT_PLUS_GOOGLE_NEWS,0.6010694309284891,0.5896150360817758,0.6122327692213413,1.0,0.6602780852361079,1.0,1.0,99.0,0.661993196690834,True,19338.49,False,False,True,1.0,0.5132477440400283,0.85,0.6602780852361079,0.22749999999999998,0.09633800567778561,0.8798986393381668,0.6415512447883287,0.4017033356990774,0.0,0.5259265884495415,0.5942980399512332,False,True,False,True,0.6547010599307358,0.0,0.5607685140338884,0.5259265884495415,True,False,True,SECOND_LEG_REACCELERATION,True,0.5607685140338884,C,28
BALAMINES,4,4,1,0.7841231034458144,0.7841231034458144,1.1,0.0,0.996302136283517,0.2490755340708792,1000.0,,2026-09-24 10:07:14+00:00,True,2026-06-30,4227375000.0,,978180000.0,721424000.0,2694000.0,,980874000.0,0.2320290960702563,0.1706553121026642,0.1685271975664062,0.166150747530458,0.0,0.1806791522573609,0.0,0.0023881230197366,0.3236241729256919,0.8126413330787243,0.0,0.8619935571682673,0.0,0.0670879666026774,0.2239992198927352,0.7061936984662909,0.6877236289444022,0.0,0.0,0.0652634722598771,-0.0142113321145485,-0.0818258689202465,-0.1606797864594695,-0.0113315387580006,13949034000.0,12601335000.0,2750905000.0,2084770000.0,1978688000.0,1554891000.0,0.106948906603943,0.3195244559351871,0.2725573689731306,0.0,0.1972111473812451,0.0317707396784105,13334491000.0,2410452000.0,1773617000.0,-0.0549819261942582,-0.1351124187496785,-0.1233220024390835,0.1619308327982013,-0.0153277970977835,standalone,12,6,6,16,100,116,4,1,0.0,1.1,1.1,1.1,0,2026-07-27 14:02:15+00:00,2026-09-24 10:07:14+00:00,0.546368029255978,0,0.0,"[""battery_bess"", ""ev_auto"", ""green_hydrogen"", ""pharma_specialty"", ""water_environment""]",Investor Presentation,https://nsearchives.nseindia.com/corporate/BALAMINES_29072026170657_Investor_Presentation_Signed.pdf,2026-07-29 11:37:08+00:00,utilisation_ramp_or_repeat_order,"[""capacity"", ""commissioning"", ""product""]","[""battery_bess"", ""ev_auto"", ""water_environment"", ""pharma_specialty""]",2026-10-05,INE050E01027,1957.8,1957.8,600381924.6873016,3915.6,0.3258956384740125,0.0427312261449693,0.2488428401259266,0.1717197333198144,0.1633120460557075,0.1107018386344717,0.0314785714743909,0.0422239392685563,0.0545294404367099,0.0314785714743909,0.4838694103448375,0.0326910184670526,0.4838694103448375,0.4943474744779862,0.0307535199367186,0.1732057416267942,0.2488428401259266,0.0427312261449693,0.1732057416267942,0.4838694103448375,False,,,N100_drop0.50_s0.20_c0.05,1.0,0.0,0.0,False,False,1.0068271698186462,1.0170734897113791,-0.0865463796488452,-0.1149304575594532,False,,,-0.1902556042683432,-0.1718274111675126,0.8823190077877128,0.290828772994,-0.132979800545839,-0.0875952088439504,0.4,-0.0962572745020371,0.4151461674324174,0.15,0.1,,0.0,0.0,0.0,0.0,0.0,0.0,0.0,0.0,0.0,0.0,0.0,0.0,0.0,0.0,0.0,0.0,0.0,0.0,0.0,0.0,0.0,54.56,-0.0300000000000011,0.0,0.0,0.0,0.0,0.0,0.377875708444888,0.1511502833779552,0.4890702625975869,0.1109110387737443,0.8890889612262557,0.3842086586231369,0.1179721944334025,False,False,True,True,False,0.0427312261449693,-3.109154258022539,0.0,0.0,0.0,0.0,0.6352022711142654,0.5214334911878199,0.8757984386089425,0.5073245487267753,0.8559261887863733,0.4942025159767034,0.7984386089425124,0.8340312278211497,False,0.7359616749467706,0.5132477440400283,GDELT_PLUS_GOOGLE_NEWS,0.7776727032674526,0.45543004233602846,0.6605374311910277,0.41088027253775716,0.6186661190098572,1.0,1.0,99.0,0.661993196690834,True,1394.9034,False,False,True,0.716895521223907,0.5132477440400283,1.0,0.6186661190098572,0.19999999999999998,0.16248655463130182,0.9323986393381668,0.6242316182323084,0.4890702625975869,0.1109110387737443,0.5464986674362393,0.8823190077877128,False,True,False,True,0.5624241521890211,0.07152217908334066,0.5574290229870227,0.5464986674362393,True,False,True,SECOND_LEG_REACCELERATION,True,0.5574290229870227,C,29
EMSLIMITED,12,12,1,0.6319664516192343,0.6319664516192343,1.0,0.0,0.9999938557876468,0.2499984639469116,2328.91,,2026-09-03 04:36:30+00:00,True,2026-06-30,1572369000.0,,210778000.0,154911000.0,49305000.0,,260083000.0,0.1654083742429417,0.0985207670718514,0.3048748709539284,1.712407199887939,0.0,0.3815903404533358,0.0,0.0091846191433397,-0.3417990538698114,-0.5930195594204422,0.0,-0.5174166278558427,0.0,-0.0601939873569484,-0.4497208646469434,-0.6214962620885871,-0.7505247824388499,0.0,0.0,-0.0732584235916652,-0.2212691820938369,-0.4996896137215852,-0.5269789303790776,-0.1040588945766289,6505619000.0,9834796000.0,1145477000.0,2577910000.0,686220000.0,1852362000.0,-0.3385100209501041,-0.5556567141599202,-0.6295432534245466,0.0,0.1760750206859639,-0.086046328857026,8616178000.0,2311069000.0,1673379000.0,0.141433707613747,0.1154621519305567,0.1069590331897316,-0.4799437285638511,-0.0061030302226091,consolidated,12,6,6,15,14,29,12,1,1.0,0.85,0.15,1.0,1,2026-08-12 11:30:13+00:00,2026-09-03 04:36:30+00:00,0.6333437612940758,4,1.0,"[""power_td"", ""semiconductor_electronics"", ""water_environment""]",General Updates,https://nsearchives.nseindia.com/corporate/EMSLIMITED_20082026130919_Intimation_Udaipur_L1.pdf,2026-08-20 07:39:29+00:00,commissioned_or_loa,"[""commissioning"", ""order""]","[""semiconductor_electronics"", ""power_td"", ""water_environment""]",2026-10-05,INE0OV601013,327.8,327.8,221035746.3396825,655.6,0.3079657039488603,0.0388657737387607,0.2629389793624788,0.1478129025715191,0.1639545635955027,0.0942196415852771,0.0283461301619297,0.0383692528412285,0.0498427277574406,0.0283461301619297,0.450401241854143,0.0475129671576772,0.450401241854143,0.4689225876594964,0.0750956441783137,0.1732057416267942,0.2629389793624788,0.0388657737387607,0.1732057416267942,0.450401241854143,False,,,N100_drop0.50_s0.20_c0.05,1.0,0.0,0.0,False,False,1.0068271698186462,1.0170734897113791,-0.0865463796488452,-0.1149304575594532,False,,,-0.1537369304246805,-0.2182208442642499,0.1280110116999311,-0.4365761430044688,-0.0809966490032638,-0.6614719758987415,0.3333333333333333,-0.6314896714502293,0.5012692245224971,0.05,0.05,,0.0,0.0,0.0,0.4826091669502494,0.0,0.0,0.0,0.0,0.0,0.0,0.0,0.0,0.0,0.0,0.0,0.0,0.0,1.0,1.0,0.0,0.0,,,1.1843482502552245,0.0,0.6770642201834862,0.0,0.0,0.2088925215899709,0.0835570086359883,0.3261178140525195,0.0,1.0,0.4097586941092974,0.3290097065120745,True,False,True,True,True,0.0388657737387607,-3.208000061892717,0.6770642201834862,0.0,0.1414336522324757,0.0,0.5585521646557843,0.5114141529657068,0.8445706174591909,0.5022979903946971,0.8353442157558553,0.5087818207456543,0.8942512420156139,0.8636976579134138,True,0.731178140525195,0.5132477440400283,GDELT_PLUS_GOOGLE_NEWS,0.15806725928591592,0.1828053076823879,0.11723826397744014,0.6274315953705737,0.22649062273603743,1.0,1.0,99.0,0.661993196690834,True,650.5619,False,False,True,1.0,0.5132477440400283,1.0,0.22649062273603743,0.7725,0.08982378428368748,0.9323986393381668,0.6817195778989091,0.3261178140525195,0.0,0.5278185296008875,0.1280110116999311,False,True,False,True,0.6601784832360132,0.0,0.5563870148587535,0.5278185296008875,True,False,True,SECOND_LEG_REACCELERATION,True,0.5563870148587535,C,30
ADANIPOWER,5,5,1,0.4271138568505723,0.4271138568505723,0.85,0.0,0.999998984368529,0.2499997460921322,627000.0,95.0,2026-09-07 11:55:41+00:00,True,2026-06-30,157613800000.0,,55336700000.0,41054300000.0,8537400000.0,,63874100000.0,0.4052570269862157,0.2604740194069301,0.3618613701579742,0.330051479426048,0.0,0.2856613776848309,0.0,-0.0240192191676836,0.2648060024876619,0.3161551137128677,0.0,0.3170623579820775,0.0,0.0160791591532902,0.1083534853697028,0.3182496241648915,0.3129277406894235,0.0,0.0,0.0661456270197274,-0.012605684218644,0.0522955496793671,-0.0337830601766442,0.0228188442186926,485886600000.0,461877300000.0,192191100000.0,160868700000.0,119738400000.0,104268400000.0,0.0519819874239326,0.1947078580233445,0.1483670987566703,0.0,0.3955472326258843,0.0472540820423851,420874400000.0,157056400000.0,130710600000.0,0.0974231267095362,0.0242734457175892,-0.2022957587219399,-0.0454411392856035,-0.0248737609701615,standalone,12,6,6,12,121,133,5,1,0.85,0.85,0.0,0.85,4,2026-08-01 11:27:37+00:00,2026-09-07 11:55:41+00:00,0.6707612250981874,3,0.85,"[""power_td"", ""renewables""]",Investor Presentation,https://nsearchives.nseindia.com/corporate/ADANIPOWER_01082026165730_APLRevisedEarningsCallInvestorPresentation01082026.pdf,2026-08-01 11:27:37+00:00,commissioned_or_loa,"[""capacity"", ""commissioning"", ""order""]","[""power_td""]",2026-10-05,INE814H01029,201.0,201.0,4518841329.108254,402.0,0.1952154378411584,0.0192260475461541,0.1633113299726422,0.1177263546220269,0.1868262849337826,0.1083010192968406,0.0123623785882223,0.0188464050194595,0.0271992876684138,0.0123623785882223,0.42590404406047,0.0652853246132982,0.42590404406047,0.3295238219628174,0.1218620262606559,0.1130612244897959,0.1633113299726422,0.0192260475461541,0.1130612244897959,0.42590404406047,False,,,N100_drop0.50_s0.20_c0.05,1.0,0.0,0.0,False,False,1.0068271698186462,1.0170734897113791,-0.0865463796488452,-0.1149304575594532,False,,,-0.0349992798502087,-0.0708210059171597,0.2311650128629181,0.5939730372720062,-0.0113922778778221,-0.1698569918769991,0.4833333333333333,-0.1460444141421516,0.5307755719276368,0.25,0.0,,0.0,0.0,0.0,0.0,0.0,0.0,0.0,0.0,0.0,0.0,0.0,0.0,0.0,0.0,0.0,0.0,0.0,0.0,0.0,0.0,0.0,,,0.0,0.0,0.0,0.0,0.0,0.3683286018452803,0.1473314407381121,0.3493257629524486,0.0,1.0,0.0868701206529453,0.158734918381831,False,False,True,True,False,0.0192260475461541,-3.9320760047262255,0.0,0.0,0.0,0.0,0.0908445706174592,0.4148216145217714,0.1149751596877217,0.4550652150298057,0.1348474095102909,0.4783219156596108,0.1887863733144073,0.1551454932576295,False,0.1271682044002838,0.5132477440400283,GDELT_PLUS_GOOGLE_NEWS,0.658653162696396,0.5191554617657752,0.6093395939754225,0.5360310579568244,0.5955227080086103,1.0,1.0,99.0,0.661993196690834,True,48588.66,False,False,True,1.0,0.5132477440400283,0.85,0.5955227080086103,0.645,0.15838129879347052,0.8798986393381668,0.6887898212880477,0.3493257629524486,0.0,0.5139473999686922,0.5939730372720062,False,True,False,True,0.7251143802796456,0.0,0.5497234020824259,0.5139473999686922,True,False,True,SECOND_LEG_REACCELERATION,True,0.5497234020824259,C,32
SAMBHV,5,3,3,0.8052999644528985,0.8052999644528985,1.1,0.0,0.999998984368529,0.2499997460921322,170400.0,373.13432835820896,2026-10-01 11:00:00+00:00,True,2026-06-30,7321730000.0,,768600000.0,565230000.0,106200000.0,,874800000.0,0.1194799589714452,0.0771989680034636,0.0683821920007003,0.0602303421368546,0.0,0.0398687682761571,0.0,-0.0032761659938988,0.3106605636298867,0.6687234293811999,0.0,0.4232026941285567,0.0,0.0094480773469682,0.344998348976935,0.7084403560121857,1.1769765920757935,0.0,0.0,0.0257543094616745,,,,,,,,,,,,,,,,,,,,,,,,,consolidated,6,6,0,12,0,12,3,3,0.0,1.1,0.85,1.1,4,2026-08-03 16:04:21+00:00,2026-08-17 13:37:12+00:00,0.5074271147024897,4,1.1,"[""railways"", ""renewables""]",Investor Presentation,https://nsearchives.nseindia.com/corporate/SAMBHAV2024_03082026212932_Investor_Presentation.pdf,2026-08-03 16:04:21+00:00,commissioned_or_loa,"[""capacity"", ""commissioning"", ""approval""]","[""railways"", ""renewables""]",2026-10-05,INE12NJ01018,164.66,164.66,504600026.868254,329.32,0.3984477940771735,0.0610285586579938,0.2171214447117898,0.2810802900607263,0.2026536803190809,0.0955618262743084,0.0455262997101145,0.0607410124799522,0.0777174715176189,0.0455262997101145,0.5200592462506409,0.0209971126388035,0.5200592462506409,0.4677472020776231,0.0269642799555696,0.1732057416267942,0.2171214447117898,0.0610285586579938,0.1732057416267942,0.5200592462506409,False,,,N100_drop0.50_s0.20_c0.05,1.0,0.0,0.0,False,False,1.0068271698186462,1.0170734897113791,-0.0865463796488452,-0.1149304575594532,False,,,0.2701326751002777,0.3814917358838829,0.5334326690258895,0.3059961928934009,0.1429687631389834,1.2339853026146304,0.4333333333333333,1.1115862935927017,0.8468254361540919,0.5,0.5,,0.2027915817676559,0.557216024106514,0.0,0.0,0.0,0.0,0.0,0.0,0.0,0.0,0.0,0.0,0.0,0.0,0.0,0.0,0.0954929614681747,1.0,1.0,0.0,0.0,56.11,-0.0399999999999991,1.307216024106514,0.0,0.710091743119266,0.0,0.0,0.9012610936208748,0.36050443744835,0.8234208658623137,0.0,1.0,0.3466588794259128,0.4690014741261749,True,False,True,True,True,0.0610285586579938,-2.7334431355045434,0.710091743119266,0.0,0.639978060974823,0.0,0.8914123491838183,0.4816121774542539,0.71611071682044,0.4653822383294697,0.4279630943931866,0.4748222206321244,0.0603264726756564,0.3201561391057487,True,0.4568671141865783,0.4114339188445192,GDELT_PLUS_GOOGLE_NEWS,0.8002849986066835,,,,0.8002849986066835,0.5,0.775,99.0,0.661993196690834,True,2928.692,False,True,True,1.0,0.4114339188445192,1.0,0.6202208739201797,0.27749999999999997,0.3875422702569762,0.8323986393381668,0.6828871731268262,0.8234208658623137,0.0,0.5832612013198508,0.5334326690258895,False,True,False,True,0.6543155878111623,0.0,0.5488046676723021,0.5832612013198508,True,False,True,SECOND_LEG_REACCELERATION,True,0.5488046676723021,C,33
GKENERGY,9,9,1,0.7967275604615364,0.7967275604615364,0.85,0.0,0.999998984368529,0.2499997460921322,541.0,122.76,2026-09-21 13:03:47+00:00,True,2026-06-30,5051920000.0,,802580000.0,596490000.0,45850000.0,,848430000.0,0.1679420893442493,0.1180719409650192,0.0596292078034579,0.0066832059136245,0.0,-0.0044939337760777,0.0,-0.0108175878958049,0.5554611344085028,0.5985689017526934,0.0,0.4505556505385535,0.0,-0.0121457223225097,,,,,,,,,,,,,,,,,,,,,,,,,,,,,,,consolidated,5,5,0,12,0,12,9,1,0.85,0.85,0.0,0.85,1,2026-08-07 05:46:00+00:00,2026-09-21 13:03:47+00:00,0.525803456867599,0,0.0,"[""battery_bess"", ""power_td"", ""renewables""]",Investor Presentation,https://nsearchives.nseindia.com/corporate/GKENERGY_07082026113115_Intimation_of_investor_presentation_sd.pdf,2026-08-07 06:01:26+00:00,commissioned_or_loa,"[""capacity"", ""commissioning"", ""order"", ""policy""]","[""battery_bess"", ""renewables"", ""power_td""]",2026-10-05,INE1AG301022,112.29,112.29,83437624.56650795,224.58,0.2682028528618814,0.0310799342976066,0.2394337367025331,0.1298059944502293,0.1601889430951449,0.0611972465690114,0.0221454132040098,0.0304689499207482,0.0410590984475966,0.0221454132040098,0.4228038003124116,0.0754729945362603,0.4228038003124116,0.4134351890340759,0.0922373831914136,0.1578542883492161,0.2394337367025331,0.0310799342976066,0.1578542883492161,0.4228038003124116,False,,,N100_drop0.50_s0.20_c0.05,1.0,0.0,0.0,False,False,1.0068271698186462,1.0170734897113791,-0.0865463796488452,-0.1149304575594532,False,,,-0.1332304129679661,-0.2262798869978639,0.1940663547426626,,-0.0578037839686781,-0.2525315150940799,0.3833333333333333,-0.1920315921858456,0.5349113388290102,0.25,0.15,,0.0,0.0,0.0,0.9483018532269916,0.0,0.0,0.0,0.0,0.0,0.0,0.0,0.0,0.0,0.0,0.0,0.0,0.0998328200339509,1.0,2.0,0.0,0.0,79.2,0.0,1.9534716679042925,0.0,0.8513761467889909,0.0,0.0,0.484372471057133,0.1937489884228532,0.3484740951029098,0.0,1.0,0.4235590571600153,0.4177324494181488,True,False,True,True,True,0.0310799342976066,-3.439619705432364,0.8513761467889909,0.0,0.4123831680192839,0.0,0.4031227821149751,0.517682376869907,0.8665720369056068,0.5156212870180306,0.8807665010645848,0.5176192350344305,0.92264017033357,0.8967707594038326,True,0.7063204605011737,0.5132477440400283,GDELT_PLUS_GOOGLE_NEWS,,,,,0.7541375953139022,0.4166666666666667,0.7375,99.0,0.661993196690834,True,2020.768,False,False,True,0.8184,0.5132477440400283,0.85,0.5561764765440029,0.645,0.2082801625545672,0.7632319726715001,0.6485832352591122,0.3484740951029098,0.0,0.5046766826550705,0.1940663547426626,False,True,False,True,0.651626098934882,0.0,0.5227139051991162,0.5046766826550705,True,False,True,SECOND_LEG_REACCELERATION,True,0.5227139051991162,C,40
MBAPL,4,4,1,0.5633333333333334,0.5633333333333334,1.1,0.0,0.9999938557876468,0.2499984639469116,416.0,90.0,2026-09-28 06:23:22+00:00,True,2026-06-30,4163008000.0,,442542000.0,329622000.0,148535000.0,,591077000.0,0.1419831525666056,0.0791788053253801,0.0546883886961335,-0.4483978499661966,0.0,0.4314876571464552,0.0,0.0373731116382891,0.0161452799373569,0.1686154107962079,0.0,0.1653473603687616,0.0,0.0181784268532977,0.1479730589536034,0.1823809007871641,1.183713892061847,0.0,0.0,0.0036024627758663,0.8906213691665128,0.8518369243070967,0.960490162715368,-0.0022549833918029,18735948000.0,12685025000.0,2148051000.0,1466923000.0,1549383000.0,741959000.0,0.4770130922091207,0.4643243033206241,1.0882326381915983,0.0,0.1146486422784691,-0.0009934632751265,8682718000.0,872350000.0,290927000.0,0.4609509372525977,0.6815762022124148,1.5503270579904926,0.0160621549565229,0.0151724139201693,standalone,12,6,6,6,20,26,4,1,0.0,1.1,0.85,0.85,2,2026-07-14 12:26:46+00:00,2026-09-28 06:23:22+00:00,0.575105343474745,0,0.0,"[""power_td""]",Commencement of commercial production/operations,https://nsearchives.nseindia.com/corporate/MBAPL_28092026115258_MBAPL_-_Dhule_PA.pdf,2026-09-28 06:23:22+00:00,commercial_production_or_purchase_order,"[""commissioning""]",[],2026-10-05,INE900L01028,163.66,163.66,196340675.35238096,327.32,0.3686379576435571,0.0529531271535515,0.1890761283563069,0.280062468032788,0.1856846021980756,0.1328751380645983,0.0397992813666285,0.0526748337694982,0.0668960493905756,0.0397992813666285,0.5336951893576339,0.0654272386271346,0.5336951893576339,0.5173148201992918,0.0721008337559079,0.1919720767888307,0.1890761283563069,0.0529531271535515,0.1919720767888307,0.5336951893576339,False,,,N100_drop0.50_s0.20_c0.05,1.0,0.0,0.0,False,False,1.0068271698186462,1.0170734897113791,-0.0865463796488452,-0.1149304575594532,False,,,0.0097482724580453,0.260377358490566,0.5430888176503865,0.899930345948456,-0.0770441803721433,-0.1583398770383723,0.5166666666666667,-0.2064889786709305,0.5891458605826599,0.25,0.0,,0.0,0.0,0.0,0.0,0.0,0.0,0.0,0.0,0.0,0.0,0.0,0.0,0.0,0.0,0.0,0.0,0.0,0.0,0.0,0.0,0.0,,,0.0,0.0,0.0,0.0,0.0,0.3765259048970901,0.150610361958836,0.6964513839602555,0.0,1.0,0.1794889992902768,0.180374378992193,False,False,True,True,False,0.0529531271535515,-2.883941459186763,0.0,0.0,0.0,0.0,0.8048261178140526,0.4288865532166242,0.233498935415188,0.4591736343292552,0.248403122782115,0.4793391490534766,0.276792051100071,0.2581973030518097,False,0.4042370475514549,0.5132477440400283,GDELT_PLUS_GOOGLE_NEWS,0.6394825867010345,0.9233087624561478,0.8467333316803768,0.9575862069600847,0.7996048226745388,1.0,1.0,99.0,0.661993196690834,True,1873.5948,False,False,True,0.6,0.5132477440400283,1.0,0.7996048226745388,0.1775,0.16190613910574872,0.9323986393381668,0.6257638013725053,0.6964513839602555,0.0,0.5255421979468332,0.899930345948456,False,True,False,True,0.5680611509617417,0.0,0.5076373288572058,0.5255421979468332,True,False,True,SECOND_LEG_REACCELERATION,True,0.5076373288572058,C,45
BALRAMCHIN,6,5,2,0.723984400041718,0.723984400041718,1.0,0.0,0.9999938557876468,0.2499984639469116,3200.0,25.72,2026-09-28 05:45:00+00:00,True,2026-06-30,16367930000.0,,520432000.0,385863000.0,324840000.0,,845272000.0,0.0516419608343877,0.0235743310241429,0.0204504939118721,-0.745328148327083,0.0,-0.6650150021023947,0.0,-0.1056727391395397,0.0612851343907974,-0.1044519435186646,0.0,-0.1272179084751362,0.0,-0.0111536050651975,0.0639616619921672,-0.2136488991829251,-0.2774851021763231,0.0,0.0,-0.0366958509340754,0.2549249239275797,1.48963804614741,1.5768199531293263,0.0399529213571338,63656650000.0,55360533000.0,5885985000.0,5294969000.0,3427169000.0,3223357000.0,0.1498561619701168,0.1116184060756539,0.0632297322325761,0.0,0.092464573614854,-0.0031806218531881,56257175000.0,6902249000.0,4285079000.0,-0.0159382692074389,-0.2328632305209504,-0.2477718613822522,0.1657944311775557,-0.0270458035023113,standalone,12,6,6,13,104,117,5,2,1.0,1.0,1.0,1.0,1,2026-08-08 13:17:09+00:00,2026-09-24 05:40:58+00:00,0.8384963912878086,3,0.85,[],Press Release,https://nsearchives.nseindia.com/corporate/BALRAMPURC_24092026110943_SE_Intimation__Press_Release_24092026.pdf,2026-09-24 05:40:58+00:00,commercial_production_or_purchase_order,"[""capacity"", ""commissioning"", ""product""]",[],2026-10-05,INE119A01028,671.5,671.5,2176294113.476984,1343.0,0.2955535839987876,0.0363232175184996,0.2010319997396354,0.1806837596280358,0.1580350223067519,0.1209357359535038,0.0265530854512744,0.0358533255999753,0.0467198698354607,0.0265530854512744,0.490337099826986,0.0318182901562913,0.490337099826986,0.4526831876841486,0.0360987278452358,0.1732057416267942,0.2010319997396354,0.0363232175184996,0.1732057416267942,0.490337099826986,False,,,N100_drop0.50_s0.20_c0.05,1.0,0.0,0.0,False,False,1.0068271698186462,1.0170734897113791,-0.0865463796488452,-0.1149304575594532,False,,,-0.0466387449421452,0.1833641730548947,0.3833951380304903,0.3017350004846368,-0.1077601359604435,-0.5059100101481653,0.45,-0.4990721220283032,0.4469596440726498,0.2,0.15,,0.0,0.0399699365199234,0.0,0.0,0.0644510075496657,0.0,0.0,0.0,0.0,0.0,0.0,0.0,0.0,0.0,0.0,0.0,0.5046603925152539,2.0,0.0,0.0,0.0,,,0.8947532929371395,0.0,0.5119266055045871,0.0,0.0,0.3541737485589074,0.1416694994235629,0.4063165365507452,0.0,1.0,0.5214067229592425,0.2770123319936844,True,False,True,True,True,0.0363232175184996,-3.2782988126329173,0.5119266055045871,0.0,0.1813109648585966,0.0,0.5060326472675657,0.5054866129079755,0.8275372604684174,0.4901396056914582,0.7743080198722498,0.4832566774934633,0.5330021291696239,0.6763662171753017,False,0.5731254739070566,0.0,GDELT_PLUS_GOOGLE_NEWS,0.43628828771454276,0.8682646572078858,0.5947531779106705,0.39323807427559937,0.5695178261112626,1.0,1.0,99.0,0.661993196690834,True,6365.665,False,False,True,0.5026968902699089,0.0,1.0,0.5695178261112626,0.95,0.15229471188033017,0.9323986393381668,0.5753913254524833,0.4063165365507452,0.0,0.4498638298353963,0.3833951380304903,False,True,False,True,0.5840431231366215,0.0,0.4939469950775163,0.4498638298353963,True,False,True,SECOND_LEG_REACCELERATION,True,0.4939469950775163,C,49
GAEL,4,4,1,0.6833333333333333,0.6833333333333333,1.0,0.0,0.0,0.0,,228.57142857142856,2026-09-09 10:13:14+00:00,True,2026-06-30,15942700000.0,,2354400000.0,1769300000.0,24500000.0,,2378900000.0,0.1492156284694562,0.110978692442309,0.0871332228654815,0.3062384643779992,0.0,0.275207719110158,0.0,0.0220071238086675,0.2346909535868899,1.7053516819571866,0.0,1.6004591167468298,0.0,0.0783684517464866,0.1966143440780343,1.8740520043336943,2.184626363543684,0.0,0.0,0.0809354518703053,0.3171596793644038,-0.2044861501405058,-0.263455689935639,-0.0349908380357801,60316400000.0,48133700000.0,5829700000.0,3469600000.0,4165200000.0,2394800000.0,0.2531012575388969,0.6802225040350474,0.7392684148989477,0.0,0.0966519885139033,0.0245694351261521,48543800000.0,4713400000.0,3517900000.0,-0.0084480407384671,-0.2638859422073237,-0.3192529634156741,0.261549298277364,-0.0250132652337823,standalone,12,6,6,12,101,113,4,1,0.0,1.0,0.2,0.85,1,2026-03-28 06:25:59+00:00,2026-09-09 10:13:14+00:00,0.5161767092992162,1,0.0,[],General Updates,https://nsearchives.nseindia.com/corporate/GAEL_28032026115226_Intimation_MaltodextrinHubli.pdf,2026-03-28 06:25:59+00:00,commercial_production_or_purchase_order,"[""commissioning""]",[],2026-10-05,INE036B01030,158.28,158.28,225722436.976508,316.56,0.3638896412894153,0.0517422738175482,0.1806692930035993,0.286392186283241,0.180986551424289,0.1134574893992903,0.0388222029901988,0.0515292021505376,0.0655785125082024,0.0388222029901988,0.5412071742135635,0.0655421368718418,0.5412071742135635,0.5181775392026308,0.043331019537972,0.1919720767888307,0.1806692930035993,0.0517422738175482,0.1919720767888307,0.5412071742135635,False,,,N100_drop0.50_s0.20_c0.05,1.0,0.0,0.0,False,False,1.0068271698186462,1.0170734897113791,-0.0865463796488452,-0.1149304575594532,False,,,-0.0737359550561796,-0.0008206552616627,0.0801883573329693,0.4369496141625055,-0.0734624033022921,-0.5854630599700215,0.3833333333333333,-0.5738490475600413,0.3367825559091233,0.05,0.0,,0.0,0.0,0.0,0.0,0.0,0.0,0.0,0.0,0.0,0.0,0.0,0.0,0.0,0.0,0.0,0.0,0.0,0.0,0.0,0.0,0.0,,,0.0,0.0,0.0,0.0,0.0,0.1178672817601135,0.0471469127040454,0.4813342796309439,0.0,1.0,0.1504258339247693,0.1373562810503903,False,False,True,True,False,0.0517422738175482,-2.908351205580852,0.0,0.0,0.0,0.0,0.7920511000709723,0.4195758763006857,0.1618168914123491,0.4586647644042622,0.2327892122072391,0.4769263024648711,0.1014904187366926,0.1595102909865152,False,0.3342299503193754,0.0,GDELT_PLUS_GOOGLE_NEWS,0.8175851460149299,0.5518648581123844,0.8311673809189444,0.3841657021578388,0.6888586044415328,1.0,1.0,99.0,0.661993196690834,True,6031.64,False,False,True,1.0,0.0,1.0,0.6888586044415328,0.07999999999999999,0.050682931156848805,0.9323986393381668,0.5670524160977896,0.4813342796309439,0.0,0.487874722090439,0.4369496141625055,False,True,False,True,0.5839886616020423,0.0,0.49305258960769144,0.487874722090439,True,False,True,SECOND_LEG_REACCELERATION,True,0.49305258960769144,C,50
MANAPPURAM,7,6,2,0.3564060528588357,0.2930333333333333,1.1,0.0,0.999998984368529,0.2499997460921322,6000.0,,2026-09-28 03:30:00+00:00,True,2026-06-30,25434400000.0,,7395800000.0,5517700000.0,11071900000.0,,18467700000.0,0.7260914352215897,0.2169384770232441,0.1788611103386264,0.469349169152109,0.0,0.2921433219285909,0.0,0.0636564398101489,0.4591140126438495,0.4071816582081558,0.0,0.5777077246399098,0.0,0.0545791068945477,0.3500649044812811,0.4058034449908596,0.1498418996837993,0.0,0.0,0.0276303559026184,0.0531245154287487,-0.0028405991522649,-0.1845356715823036,-0.0370789971886474,84363600000.0,70289900000.0,57438000000.0,48051700000.0,16843100000.0,17347800000.0,0.2002236452178762,0.1953375218774777,-0.0290930262050519,0.0,0.6808386555339032,-0.0027830312233692,61006200000.0,42391400000.0,17174400000.0,0.1521763361756674,0.1335247243544681,0.0100964225824482,0.0480473090422088,-0.0112486706818075,standalone,12,6,6,17,102,119,6,2,1.1,1.1,1.1,1.1,6,2026-08-11 11:08:27+00:00,2026-08-11 13:10:18+00:00,0.468297627712777,2,0.85,[],Investor Presentation,https://nsearchives.nseindia.com/corporate/MANAPPURAM_11082026165542_InvestorPresentation.pdf,2026-08-11 11:26:18+00:00,unspecified_or_early,"[""policy""]",[],2026-10-05,INE522D01027,310.7,310.7,1881543243.426984,621.4,0.2372407311694854,0.0256947904756068,0.1534130252787254,0.1674876721120892,0.1657635325459232,0.0854852884774158,0.0176497888337322,0.0251959876504352,0.0348589809040207,0.0176497888337322,0.4329904392017367,0.0469838091493195,0.4329904392017367,0.3726244380584926,0.0918764147337191,0.1578542883492161,0.1534130252787254,0.0256947904756068,0.1578542883492161,0.4329904392017367,False,,,N100_drop0.50_s0.20_c0.05,1.0,0.0,0.0,False,False,1.0068271698186462,1.0170734897113791,-0.0865463796488452,-0.1149304575594532,False,,,-0.0888563049853372,-0.0654233719356294,0.195,0.0609527061635648,-0.0670485143401274,-0.2114579175783278,0.5333333333333333,-0.1496225109579799,0.4522336381813276,0.2,0.05,,0.0,0.0,0.0,0.0,0.0,0.0,0.4290102131938834,0.0,0.0,0.0,0.0,0.0,0.0,0.0,0.0,0.0,0.0,1.0,0.0,0.0,0.0,,,0.7003071492357184,0.0,0.4440366972477064,0.0,0.0,0.344946460553775,0.13797858422151,0.442583392476934,0.0,1.0,0.0552519517388218,0.3258780365789449,True,False,True,True,True,0.0256947904756068,-3.635436345233386,0.4440366972477064,0.0,0.1531688870715844,0.0,0.2924059616749467,0.4300043790897007,0.2462739531582682,0.4368611912631737,0.0234208658623137,0.4833028069675389,0.5351312987934705,0.2982611781405252,False,0.2909794180269694,0.0,GDELT_PLUS_GOOGLE_NEWS,0.7012536956636761,0.4798555553923134,0.6276136069533826,0.6265941326903157,0.6199772084077726,1.0,1.0,99.0,0.661993196690834,True,8436.36,False,False,True,0.711207203106553,0.0,1.0,0.6199772084077726,0.95,0.14832697803812323,0.9323986393381668,0.61959072190037,0.442583392476934,0.0,0.4797690998765771,0.195,False,True,False,True,0.6590126758696319,0.0,0.4862827187970876,0.4797690998765771,True,False,True,SECOND_LEG_REACCELERATION,True,0.4862827187970876,C,52
UTLSOLAR,8,8,1,0.7469504779996948,0.7469504779996948,1.1,0.0,0.999998984368529,0.2499997460921322,29000.0,100.0,2026-08-24 14:30:07+00:00,True,2026-06-30,13456930000.0,,2212420000.0,577950000.0,109010000.0,,2321430000.0,0.1725081426447191,0.0429481315574949,0.4939313234299873,-0.4564205298947547,0.0,0.5104527916403694,0.0,0.0018869095482564,,,,,,,,,,,,,,,,,,,,,,,,,,,,,,,,,,,,,standalone,4,4,0,5,0,5,8,1,0.0,1.1,1.1,1.1,2,2026-08-13 15:46:44+00:00,2026-08-24 14:30:07+00:00,0.5573404978164951,4,1.1,"[""battery_bess"", ""ev_auto"", ""power_td"", ""railways"", ""renewables"", ""semiconductor_electronics""]",Investor Presentation,https://nsearchives.nseindia.com/corporate/UTLSOLAR2024_13082026212151_InvestorPresentation.pdf,2026-08-13 15:52:17+00:00,commissioned_or_loa,"[""commissioning"", ""approval"", ""policy""]","[""battery_bess"", ""ev_auto"", ""semiconductor_electronics"", ""renewables""]",2026-10-05,INE12UR01024,412.15,412.15,168663550.41904762,824.3,0.380709087510482,0.0561224333592803,0.2075196078638183,0.2704440025547362,0.1855095622702211,0.1412870864357051,0.042131186630962,0.0558492185825038,0.0709777855598639,0.042131186630962,0.544029162387119,0.0603279635704642,0.544029162387119,0.5463611661597954,0.0544773095750601,0.2183449651046859,0.2075196078638183,0.0561224333592803,0.2183449651046859,0.544029162387119,False,,,N100_drop0.50_s0.20_c0.05,1.0,0.0,0.0,False,False,1.0068271698186462,1.0170734897113791,-0.0865463796488452,-0.1149304575594532,False,,,-0.0381563593932322,0.1307270233196158,0.8986088078127876,,-0.0817320338331042,-0.3602172886108012,0.5333333333333333,-0.3726985232363542,0.5111092583135605,0.15,0.0,,0.0,0.7280373442703838,0.4153228510474867,0.0,0.0,0.0,0.0,0.0,0.0,0.0,0.0,0.0,0.0,0.0,0.0,0.0,0.3151759241931525,2.0,3.0,0.0,0.0,86.63,-0.1400000000000005,3.097190908079742,0.0,0.946788990825688,0.0,0.0,0.2570440028388928,0.1028176011355571,0.6836763662171753,0.0762518919950511,0.9237481080049488,0.5084804340836988,0.4415509293825377,True,False,True,True,True,0.0561224333592803,-2.822460847154631,0.8745945389551442,0.0,0.2433664320456305,0.0,0.8502484031227822,0.585730977316969,0.9382540809084458,0.5100766356668749,0.865152590489709,0.5253224281185322,0.9418026969481902,0.9142654364797728,True,0.8442122830643056,0.5132477440400283,GDELT_PLUS_GOOGLE_NEWS,,,,,0.5,0.3333333333333333,0.7000000000000001,99.0,0.661993196690834,True,5382.772,False,False,True,1.0,0.5132477440400283,1.0,0.35000000000000003,0.19999999999999998,0.11052892122072389,0.7990653060048335,0.6243814044095676,0.6836763662171753,0.0762518919950511,0.48183662148528406,0.8986088078127876,False,True,False,True,0.5642577510655225,0.04862801815646969,0.47108064769114444,0.48183662148528406,True,False,True,SECOND_LEG_REACCELERATION,True,0.47108064769114444,C,58
