theme,official_rows,secondary_rows,gdelt_rows,google_news_rows,distinct_domains,official_weight,secondary_weight,other_weight,theme_demand_score,latest
power_td,0,7,1,58,42,0.0,1.615227858340518,5.424531459459426,0.5132477440400283,2026-10-07 10:16:00+00:00
pharma_specialty,0,9,1,58,39,0.0,1.9393883217352783,7.200415030905663,0.5132477440400283,2026-10-07 10:16:00+00:00
data_centres,0,9,1,56,42,0.0,1.4387418397852954,7.334484549923815,0.5132477440400283,2026-10-07 10:16:00+00:00
renewables,0,3,3,58,42,0.0,0.7751651778764905,9.891151916731275,0.4114339188445192,2026-10-07 10:16:00+00:00
ev_auto,0,7,1,51,40,0.0,0.5524125788417726,1.9357584965359407,0.3565847945794296,2026-10-07 10:16:00+00:00
green_hydrogen,0,4,0,59,43,0.0,0.6135719583116783,8.436343748660077,0.33330911637116933,2026-10-07 09:51:15+00:00
semiconductor_electronics,0,7,0,46,37,0.0,0.5839067289387897,2.6951937161383066,0.325350978558994,2026-09-29 11:37:00+00:00
defence_aerospace,1,0,6,60,58,0.430034803251937,0.0,21.185903699605507,0.3243052926541029,2026-10-07 10:16:00+00:00
battery_bess,0,2,1,60,37,0.0,0.2172877219075454,10.422111489370149,0.26428693143817183,2026-10-07 10:16:00+00:00
railways,0,3,0,60,31,0.0,0.3489007214563004,8.164431538620203,0.2588559614607049,2026-10-07 09:37:11+00:00
water_environment,0,3,0,56,44,0.0,0.1802793268522794,8.678602117117164,0.20714246820188686,2026-10-06 22:45:40+00:00
industrial_automation,0,0,0,58,48,0.0,0.0,5.062100308452397,0.14785621103378865,2026-10-06 22:35:35+00:00
