orig_index,date,symbol,isin,close,adj_close,avg_turnover_63,target_2x,p_raw,p_cal,p_dd30,asymmetry,model_dispersion,dd_model_dispersion,p05,p50,p95,p_conservative,hit25_6m_raw,hit25_6m_dispersion,hit25_6m_cal_raw,hit50_6m_raw,hit50_6m_dispersion,hit50_6m_cal_raw,p_dd30_cal,p100_cal,p50_cal,p25_cal,selected_v941,selection_score_v941,selection_rank_v941,production_risk_config,production_share_p100,production_share_p50,production_share_p25,production_p50_allowed,production_p25_allowed,production_p50_pr_auc_lift,production_p25_pr_auc_lift,production_p50_calibration_slope,production_p25_calibration_slope,p_dd30_v104,comp100,comp50,comp25,comp_safety,comp_consensus,selection_score_v94,baseline_rank,overlay_rank,veto_count_applied
0,2026-10-01,OCCLLTD,INE0PK601023,193.49,193.49,14188538.242063493,386.98,0.5381161363943187,0.1130826427690921,0.1598511732592337,0.7074245403610759,0.2805845422729754,0.0732710775655762,0.0792761129901239,0.1124407991242203,0.150816089980525,0.0792761129901239,0.6400360122285443,0.0947427384391621,0.6400360122285443,0.62139328476215,0.0971027224906739,0.2469135802469135,0.1598511732592337,0.1130826427690921,0.2469135802469135,0.6400360122285443,True,0.912,1.0,N100_drop0.50_s0.20_c0.05,1.0,0.0,0.0,False,False,1.0068271698186462,1.0170734897113791,-0.0865463796488441,-0.1149304575594595,0.2091454272863568,1.0,0.85,0.96,0.8,0.04,0.912,1,1,0
1,2026-10-01,MAHASTEEL,INE451L01014,1182.5,1182.5,14677286.276984124,2365.0,0.5086158374228598,0.0996800907034376,0.1517852131225595,0.6567180600323075,0.2664482416864653,0.0079313502397755,0.0703890601012952,0.099250558325088,0.1322752709168556,0.0703890601012952,0.6949547858820816,0.1411477969937529,0.6949547858820816,0.6975065339855399,0.1414292997882356,0.4468085106382978,0.1517852131225595,0.0996800907034376,0.4468085106382978,0.6949547858820816,True,0.893,2.0,N100_drop0.50_s0.20_c0.05,1.0,0.0,0.0,False,False,1.0068271698186462,1.0170734897113791,-0.0865463796488441,-0.1149304575594595,0.1740587249801604,0.94,1.0,1.0,0.92,0.08,0.893,2,2,0
2,2026-10-01,SHILPAMED,INE790G01031,1064.1,1064.1,1355007779.04127,2128.2,0.4922834054461766,0.0928987315075092,0.1533282327270257,0.6058814469798218,0.2662169251426508,0.0312663429416274,0.065998170581583,0.0922971067317694,0.1234923856509274,0.065998170581583,0.607470522696507,0.0727981816041303,0.607470522696507,0.6179023570019253,0.0822288823557715,0.2469135802469135,0.1533282327270257,0.0928987315075092,0.2469135802469135,0.607470522696507,True,0.8300000000000001,3.0,N100_drop0.50_s0.20_c0.05,1.0,0.0,0.0,False,False,1.0068271698186462,1.0170734897113791,-0.0865463796488441,-0.1149304575594595,0.19790675547098,0.86,0.85,0.66,0.9,0.1,0.8300000000000001,3,3,0
3,2026-10-01,UNITEDPOLY,INE368U01029,47.05,47.05,5899099.643015873,94.1,0.5082058621311061,0.0995045704961882,0.1703828119913212,0.5840059178108687,0.253098781729959,0.0256034527915232,0.0702655073674386,0.0990703155077382,0.1319971294098424,0.0702655073674386,0.6266982731272173,0.0782329817048096,0.6266982731272173,0.5714508252142717,0.0827028733236583,0.221311475409836,0.1703828119913212,0.0995045704961882,0.221311475409836,0.6266982731272173,True,0.8280000000000001,4.0,N100_drop0.50_s0.20_c0.05,1.0,0.0,0.0,False,False,1.0068271698186462,1.0170734897113791,-0.0865463796488441,-0.1149304575594595,0.19790675547098,0.92,0.42,0.84,0.66,0.12,0.8280000000000001,4,4,0
4,2026-10-01,VALIANTLAB,INE0JWS01017,125.08,125.08,11557085.375714283,250.16,0.5315759965895923,0.1099745492926079,0.1919740953946061,0.5728614012560045,0.2735042284020836,0.0190233063387259,0.0773609678298107,0.10938193176738,0.1466041796458023,0.0773609678298107,0.6340110643348232,0.0961010852327789,0.6340110643348232,0.6155938210839459,0.0901160454907197,0.2469135802469135,0.1919740953946061,0.1099745492926079,0.2469135802469135,0.6340110643348232,True,0.826,5.0,N100_drop0.50_s0.20_c0.05,1.0,0.0,0.0,False,False,1.0068271698186462,1.0170734897113791,-0.0865463796488441,-0.1149304575594595,0.217900905700586,0.98,0.85,0.94,0.44,0.06,0.826,5,5,0
5,2026-10-01,UYFINCORP,INE152C01025,22.86,22.86,6954469.170634921,45.72,0.4963428749222839,0.0945446218341616,0.1623298102253157,0.5824230417255619,0.2508058414713826,0.0595165572042802,0.0671297643264483,0.0940616866176212,0.1257304731341991,0.0671297643264483,0.6267686125602369,0.0864197383158768,0.6267686125602369,0.5994189471622755,0.0722811934076127,0.2401459854014598,0.1623298102253157,0.0945446218341616,0.2401459854014598,0.6267686125602369,True,0.811,6.0,N100_drop0.50_s0.20_c0.05,1.0,0.0,0.0,False,False,1.0068271698186462,1.0170734897113791,-0.0865463796488441,-0.1149304575594595,0.1740587249801604,0.88,0.61,0.86,0.72,0.14,0.811,6,6,0
6,2026-10-01,GCSL,INE199P01028,679.9,679.9,359405185.37777776,1359.8,0.4763827757061135,0.0866915619647527,0.1451304942702539,0.5973352630035188,0.2502070496291751,0.0685848726971931,0.0625514662770558,0.08641328151065,0.1138549027974197,0.0625514662770558,0.6234639727842538,0.0788651560056146,0.6234639727842538,0.5900348887643728,0.0615911632935193,0.2401459854014598,0.1451304942702539,0.0866915619647527,0.2401459854014598,0.6234639727842538,True,0.8,7.0,N100_drop0.50_s0.20_c0.05,1.0,0.0,0.0,False,False,1.0068271698186462,1.0170734897113791,-0.0865463796488441,-0.1149304575594595,0.217900905700586,0.8,0.61,0.82,0.96,0.16,0.8,7,7,0
7,2026-10-01,GULFPETRO,INE586G01017,62.45,62.45,11939902.661746033,124.9,0.4991376222360646,0.095692740401179,0.188344219914844,0.5080736772513886,0.2485355258684209,0.10595116727936,0.0679304710980367,0.0952286492131332,0.1272799829227566,0.0679304710980367,0.6534727278182646,0.1136185515557614,0.6534727278182646,0.6424026940190473,0.1008483743667974,0.2879818594104308,0.188344219914844,0.095692740401179,0.2879818594104308,0.6534727278182646,True,0.788,8.0,N100_drop0.50_s0.20_c0.05,1.0,0.0,0.0,False,False,1.0068271698186462,1.0170734897113791,-0.0865463796488441,-0.1149304575594595,0.1740587249801604,0.9,0.95,0.98,0.52,0.18,0.788,8,8,0
8,2026-10-01,AGASTYAEN,INE753W01010,69.55,69.55,16196634.92079365,139.1,0.5285305732713681,0.1085547552696338,0.2021033613621625,0.5371249371508834,0.2856213658934006,0.1065062364379383,0.0766455229606167,0.1078641878176772,0.1447404845053996,0.0766455229606167,0.6323670823460086,0.0992459498228769,0.6323670823460086,0.6591631171655635,0.1113926996451613,0.3988439306358382,0.2021033613621625,0.1085547552696338,0.3988439306358382,0.6323670823460086,True,0.765,9.0,N100_drop0.50_s0.20_c0.05,1.0,0.0,0.0,False,False,1.0068271698186462,1.0170734897113791,-0.0865463796488441,-0.1149304575594595,0.1740587249801604,0.96,0.98,0.9,0.22,0.02,0.765,9,9,0
9,2026-10-01,GLOBAL,INE291W01037,136.51,136.51,16988392.440793652,273.02,0.4647803547469049,0.0823914589177885,0.1557344987005191,0.5290507858263899,0.2292256511097191,0.0672460517361038,0.0595667582442814,0.0821752253183498,0.1075523393606642,0.0595667582442814,0.5903271633832691,0.0537152900771719,0.5903271633832691,0.5229052737296991,0.0371938274061698,0.1919720767888307,0.1557344987005191,0.0823914589177885,0.1919720767888307,0.5903271633832691,True,0.7390000000000001,10.0,N100_drop0.50_s0.20_c0.05,1.0,0.0,0.0,False,False,1.0068271698186462,1.0170734897113791,-0.0865463796488441,-0.1149304575594595,0.1740587249801604,0.72,0.08,0.42,0.88,0.46,0.7390000000000001,10,10,0
