theme,official_rows,secondary_rows,gdelt_rows,google_news_rows,pib_direct_rows,cppp_direct_rows,google_official_rows,official_html_rows,distinct_domains,official_weight,secondary_weight,other_weight,theme_demand_score,latest
renewables,3,7,15,59,0,1,0,2,50,1.2322205406333027,3.125648715936541,13.283144180778143,0.7026627362457925,2026-10-07 13:47:00+00:00
semiconductor_electronics,1,15,11,46,0,1,0,0,42,0.4494839231039355,5.583466569193598,3.3330252990013336,0.5933464031128813,2026-10-07 13:47:00+00:00
defence_aerospace,1,10,15,60,0,0,0,0,60,0.42846147398702766,6.225118163332334,21.387483526236355,0.5899124434798957,2026-10-07 13:47:00+00:00
battery_bess,5,3,2,60,0,0,0,5,37,0.7055197714129156,0.828210293272113,10.383314932925016,0.5654707535147799,2026-10-07 13:47:00+00:00
ev_auto,0,13,7,51,0,0,0,0,42,0.0,4.328736371627047,1.927723416860876,0.5132477440400283,2026-10-07 13:47:00+00:00
railways,0,6,7,60,0,0,0,0,34,0.0,2.182775428620106,9.127618684087597,0.5132477440400283,2026-10-07 13:47:00+00:00
power_td,0,12,8,58,0,0,0,0,44,0.0,4.77753934780728,5.7989383654999465,0.5132477440400283,2026-10-07 13:47:00+00:00
data_centres,0,10,4,56,0,0,0,0,46,0.0,2.0452222021926447,8.321261518846015,0.5132477440400283,2026-10-07 13:47:00+00:00
green_hydrogen,0,10,6,59,0,0,0,0,44,0.0,4.281629779359194,8.481997352402978,0.5132477440400283,2026-10-07 13:47:00+00:00
pharma_specialty,0,10,2,58,0,0,0,0,40,0.0,2.1928052793543014,7.488133325156663,0.5132477440400283,2026-10-07 13:47:00+00:00
water_environment,0,4,0,56,0,0,0,0,40,0.0,0.18271934059709896,6.228308794615962,0.20791592400203995,2026-10-07 12:35:48+00:00
industrial_automation,0,0,2,58,0,0,0,0,50,0.0,0.0,5.2882379668305175,0.1974812020375215,2026-10-07 13:47:00+00:00
