date,config,pool_n,risk_drop,w_safety,w_consensus,train_objective,prior_valid_folds,fell_back_to_v92
2017-06-30,N20_drop0.00_s0.05_c0.10,20,0.0,0.05,0.1,0.47875,8,False
2017-12-29,N50_drop0.10_s0.00_c0.00,50,0.1,0.0,0.0,0.4461111111111111,9,False
2018-06-29,N20_drop0.00_s0.05_c0.10,20,0.0,0.05,0.1,0.51875,10,False
2018-12-31,N20_drop0.00_s0.05_c0.10,20,0.0,0.05,0.1,0.5352272727272728,11,False
2019-06-28,N20_drop0.00_s0.05_c0.10,20,0.0,0.05,0.1,0.5079166666666667,12,False
2019-12-31,N50_drop0.30_s0.15_c0.00,50,0.3,0.15,0.0,0.5576923076923077,13,False
2020-06-30,N75_drop0.40_s0.10_c0.15,75,0.4,0.1,0.15,0.6139285714285714,14,False
2020-12-31,N50_drop0.30_s0.15_c0.00,50,0.3,0.15,0.0,0.5916666666666667,15,False
2021-06-30,N75_drop0.40_s0.10_c0.15,75,0.4,0.1,0.15,0.56375,16,False
2021-12-31,N20_drop0.10_s0.05_c0.15,20,0.1,0.05,0.15,0.5526470588235295,17,False
2022-06-30,N100_drop0.50_s0.15_c0.00,100,0.5,0.15,0.0,0.5638888888888889,18,False
2022-12-30,N100_drop0.50_s0.15_c0.00,100,0.5,0.15,0.0,0.533421052631579,19,False
2023-06-30,N100_drop0.50_s0.15_c0.00,100,0.5,0.15,0.0,0.5175000000000001,20,False
2023-12-29,N100_drop0.50_s0.15_c0.00,100,0.5,0.15,0.0,0.5078571428571429,21,False
2024-06-28,N100_drop0.50_s0.15_c0.00,100,0.5,0.15,0.0,0.4930681818181818,22,False
2024-12-31,N100_drop0.50_s0.15_c0.00,100,0.5,0.15,0.0,0.4792391304347826,23,False
2025-06-30,N100_drop0.50_s0.15_c0.00,100,0.5,0.15,0.0,0.5104166666666666,24,False
2025-12-31,N100_drop0.50_s0.15_c0.00,100,0.5,0.15,0.0,0.5009999999999999,25,False
