share_p100,share_p50,share_p25,baseline,feasible,objective,folds,mean_precision_100,median_precision_100,hit_fold_rate_100,hit_folds_100,mean_precision_50,median_precision_50,mean_precision_25,median_precision_25,mean_dd30_rate,median_dd30_rate,mean_lift_100,mean_capped_lift_100,capped_lift_iqr_100,mean_lift_50,mean_capped_lift_50,capped_lift_iqr_50,mean_lift_25,mean_capped_lift_25,capped_lift_iqr_25,required_mean_precision_100,required_mean_capped_lift_100,required_hit_fold_rate_100,required_median_precision_100
0.8,0.05,0.15,False,True,1.8508530395494922,26,0.13076923076923078,0.1,0.6923076923076923,18,0.28846153846153844,0.25,0.49615384615384617,0.5,0.33076923076923076,0.3,6.160055664836493,3.7938285586093867,5.3875,1.8957066002634326,1.8957066002634326,1.3311301269887605,1.3041416656258293,1.3041416656258293,0.3797872275135321,0.10961538461538461,3.100292601887599,0.6211538461538462,0.095
0.7,0.15,0.15,False,True,1.8468298378164265,26,0.13076923076923078,0.1,0.7307692307692307,19,0.27692307692307694,0.2,0.47692307692307695,0.5,0.33076923076923076,0.3,6.222250536631365,3.856023430404258,3.8339285714285714,1.9759859133183386,1.9759859133183386,1.7240318668978944,1.2598649311949748,1.2598649311949748,0.4784444347600314,0.10961538461538461,3.100292601887599,0.6211538461538462,0.095
0.8,0.1,0.1,False,True,1.8168206104066085,26,0.12692307692307694,0.1,0.6923076923076923,18,0.28076923076923077,0.25,0.48846153846153845,0.5,0.3384615384615384,0.3,6.130517203298032,3.764290097070925,5.3875,1.8746041753857794,1.8746041753857794,1.393691405651361,1.2780423154245972,1.2780423154245972,0.4579750935690453,0.10961538461538461,3.100292601887599,0.6211538461538462,0.095
0.75,0.1,0.15,False,True,1.792530458620231,26,0.13076923076923078,0.1,0.6923076923076923,18,0.2730769230769231,0.2,0.4846153846153846,0.5,0.33076923076923076,0.3,6.160055664836493,3.7938285586093867,5.3875,1.8439255577761564,1.8439255577761564,1.479793632433088,1.267036226595598,1.267036226595598,0.45668773366867166,0.10961538461538461,3.100292601887599,0.6211538461538462,0.095
0.65,0.2,0.15,False,True,1.7813491747412198,26,0.11923076923076924,0.1,0.6923076923076923,18,0.2692307692307693,0.2,0.4653846153846154,0.45,0.3346153846153846,0.3,5.561935988793881,3.686566025423917,5.3875,1.8658493718799538,1.8658493718799538,1.3475018895223285,1.2045527117452495,1.2045527117452495,0.4893701635536918,0.10961538461538461,3.100292601887599,0.6211538461538462,0.095
0.75,0.15,0.1,False,True,1.749756552465669,26,0.11923076923076924,0.1,0.6538461538461539,17,0.27307692307692305,0.2,0.4769230769230769,0.45,0.3384615384615385,0.35,5.501945774726603,3.626575811356639,5.3875,1.8116008767434704,1.8116008767434704,1.3475018895223285,1.2344008022077686,1.2344008022077686,0.5236070631366642,0.10961538461538461,3.100292601887599,0.6211538461538462,0.095
0.7,0.2,0.1,False,True,1.7421528678811655,26,0.11538461538461539,0.1,0.6538461538461539,17,0.26538461538461544,0.2,0.45769230769230773,0.45,0.3423076923076923,0.35,5.4702026554605485,3.5948326920905838,5.3875,1.8477250304679411,1.8477250304679411,1.4451202690206488,1.188773362032552,1.188773362032552,0.5088156879498112,0.10961538461538461,3.100292601887599,0.6211538461538462,0.095
0.8,0.15,0.05,False,True,1.72822345468249,26,0.11538461538461539,0.1,0.6538461538461539,17,0.2653846153846154,0.2,0.46923076923076923,0.45,0.35384615384615387,0.35,5.4702026554605485,3.5948326920905838,5.3875,1.7375337390876757,1.7375337390876757,1.0988291604694904,1.2252562900832769,1.2252562900832769,0.4867795321470698,0.10961538461538461,3.100292601887599,0.6211538461538462,0.095
0.85,0.05,0.1,False,True,1.7112154097945051,26,0.12307692307692307,0.1,0.6538461538461539,17,0.28076923076923077,0.25,0.4846153846153846,0.5,0.3461538461538461,0.3,5.681850536631365,3.364290097070925,4.181481481481481,1.828745092608092,1.828745092608092,1.4700235069978356,1.2405886334388359,1.2405886334388359,0.4882429006490304,0.10961538461538461,3.100292601887599,0.6211538461538462,0.095
0.75,0.2,0.05,False,True,1.7057562881784685,26,0.11538461538461539,0.1,0.6538461538461539,17,0.2653846153846154,0.2,0.4653846153846154,0.45,0.3423076923076923,0.35,5.4702026554605485,3.5948326920905838,5.3875,1.7870273387083937,1.7870273387083937,1.522569584089142,1.2001925657921813,1.2001925657921813,0.4826892650695146,0.10961538461538461,3.100292601887599,0.6211538461538462,0.095
0.85,0.15,0.0,False,True,1.6888511545185798,26,0.11153846153846153,0.1,0.6538461538461539,17,0.26153846153846155,0.2,0.45769230769230773,0.45,0.3576923076923077,0.3,5.440664193922086,3.5652942305521225,5.3875,1.7294009027610069,1.7294009027610069,1.2142088364196135,1.1639374410273768,1.1639374410273768,0.4974765049808815,0.10961538461538461,3.100292601887599,0.6211538461538462,0.095
0.8,0.2,0.0,False,True,1.6841996062872997,26,0.11153846153846153,0.1,0.6538461538461539,17,0.2576923076923077,0.2,0.4538461538461539,0.45,0.36153846153846153,0.35,5.440664193922086,3.5652942305521225,5.3875,1.7212680664343378,1.7212680664343378,1.2191700698997896,1.1649311149256147,1.1649311149256147,0.497085846442202,0.10961538461538461,3.100292601887599,0.6211538461538462,0.095
0.95,0.0,0.05,False,True,1.660436618211109,26,0.11538461538461539,0.1,0.6538461538461539,17,0.28846153846153844,0.3,0.47692307692307695,0.55,0.34615384615384615,0.3,5.5810263362842285,3.2634658967237886,4.181481481481481,1.7717278397813556,1.7717278397813556,1.3222176713669946,1.1814936363281947,1.1814936363281947,0.5151980387792786,0.10961538461538461,3.100292601887599,0.6211538461538462,0.095
0.9,0.0,0.1,False,True,1.6511238967849935,26,0.11923076923076924,0.1,0.6538461538461539,17,0.28076923076923077,0.25,0.4807692307692308,0.55,0.3461538461538461,0.3,5.650107417365309,3.3325469778048693,4.181481481481481,1.7213657957221284,1.7213657957221284,1.3497741685421358,1.2129340811791918,1.2129340811791918,0.4882429006490304,0.10961538461538461,3.100292601887599,0.6211538461538462,0.095
0.85,0.0,0.15,False,True,1.6467269614714874,26,0.11923076923076924,0.1,0.6538461538461539,17,0.2692307692307692,0.2,0.4807692307692307,0.5,0.3423076923076923,0.3,5.650107417365309,3.3325469778048693,4.181481481481481,1.6905343926481824,1.6905343926481824,1.3899910635193047,1.268053686213148,1.268053686213148,0.48732001335514163,0.10961538461538461,3.100292601887599,0.6211538461538462,0.095
0.9,0.05,0.05,False,True,1.645312575305312,26,0.12307692307692307,0.1,0.6538461538461539,17,0.2769230769230769,0.2,0.4807692307692308,0.55,0.35,0.35,5.681850536631365,3.364290097070925,4.181481481481481,1.7114036357164397,1.7114036357164397,1.4375151941831614,1.2260854932876852,1.2260854932876852,0.4935413493471654,0.10961538461538461,3.100292601887599,0.6211538461538462,0.095
1.0,0.0,0.0,True,True,1.6319834276915641,26,0.11538461538461539,0.1,0.6538461538461539,17,0.2846153846153846,0.2,0.47692307692307695,0.6,0.34615384615384615,0.3,5.5810263362842285,3.2634658967237886,4.181481481481481,1.7616295550905776,1.7616295550905776,1.52020927983809,1.1794105096238658,1.1794105096238658,0.5646987404034516,0.10961538461538461,3.100292601887599,0.6211538461538462,0.095
0.95,0.05,0.0,False,False,1.6438822595525238,26,0.11923076923076924,0.1,0.6153846153846154,16,0.2846153846153846,0.25,0.4730769230769231,0.5,0.35,0.3,5.504593631374459,3.18703319181402,4.181481481481481,1.7426859430294972,1.7426859430294972,1.1901373134121724,1.16925296162622,1.16925296162622,0.4882429006490304,0.10961538461538461,3.100292601887599,0.6211538461538462,0.095
0.85,0.1,0.05,False,False,1.6407560564931765,26,0.11538461538461539,0.1,0.6153846153846154,16,0.2692307692307692,0.2,0.4769230769230769,0.45,0.3461538461538461,0.3,5.053279108059936,3.226575811356639,4.181481481481481,1.6970318234586412,1.6970318234586412,1.1975647536898293,1.2235808828109977,1.2235808828109977,0.47831215173777186,0.10961538461538461,3.100292601887599,0.6211538461538462,0.095
0.7,0.25,0.05,False,False,1.5978081529699342,26,0.11153846153846153,0.1,0.6153846153846154,16,0.2538461538461539,0.2,0.44615384615384623,0.45,0.34615384615384615,0.35,4.9793455126034045,3.194832692090584,4.181481481481481,1.727672334882756,1.727672334882756,1.5425763913201438,1.1582513214165167,1.1582513214165167,0.497085846442202,0.10961538461538461,3.100292601887599,0.6211538461538462,0.095
0.65,0.25,0.1,False,False,1.5964455602222678,26,0.11153846153846153,0.1,0.6153846153846154,16,0.25769230769230766,0.2,0.45000000000000007,0.45,0.3384615384615385,0.35,4.9793455126034045,3.194832692090584,4.181481481481481,1.7144134149215426,1.7144134149215426,1.4613525631918232,1.1528977297283483,1.1528977297283483,0.5088156879498112,0.10961538461538461,3.100292601887599,0.6211538461538462,0.095
0.9,0.1,0.0,False,False,1.576051933674625,26,0.11538461538461539,0.1,0.6153846153846154,16,0.2653846153846154,0.2,0.46538461538461545,0.5,0.3538461538461538,0.3,5.053279108059936,3.226575811356639,4.181481481481481,1.593386166619152,1.593386166619152,1.0686846259938836,1.1593955484650853,1.1593955484650853,0.504940632190835,0.10961538461538461,3.100292601887599,0.6211538461538462,0.095
0.75,0.25,0.0,False,False,1.5607028267522733,26,0.1076923076923077,0.1,0.6153846153846154,16,0.2576923076923077,0.2,0.43846153846153846,0.4,0.3615384615384615,0.4,4.949807051064943,3.1652942305521226,4.181481481481481,1.6900515662001316,1.6900515662001316,1.5192149545190594,1.1062687172422587,1.1062687172422587,0.4715757792277827,0.10961538461538461,3.100292601887599,0.6211538461538462,0.095
