date,symbol,isin,close,adj_close,_adj_ret_i,_raw_ret_i,_blocking_type
2023-01-23,360ONE,INE466L01020,1950.1,487.525,-0.7463779425152816,0.014488229938873776,adjustment_factor_discontinuity
2010-01-04,AARTIDRUGS,,106.65,13.33125,-0.8723671613212063,0.02106270943034949,adjustment_factor_discontinuity
2010-01-04,AARTIIND,,49.75,12.4375,-0.7472052845528455,0.011178861788617933,adjustment_factor_discontinuity
2019-07-03,AARTIIND,INE769A01020,1753.7,438.425,-0.02639833448993756,-0.02639833448993756,demerger
2022-10-19,AARTIIND,INE769A01020,683.35,683.35,-0.08262854074372394,-0.08262854074372394,demerger
2019-12-20,ABB,INE117A01022,1262.0,1262.0,-0.1449864498644986,-0.1449864498644986,demerger
2025-05-22,ABFRL,INE647O01011,89.85,89.85,-0.6659230340211935,-0.6659230340211935,demerger
2016-01-20,ABIRLANUVO,INE069A01017,882.15,882.15,-0.5729224661712378,-0.5729224661712378,corporate_action_or_restructuring
2019-10-11,ABREL,INE055A01016,393.85,393.85,-0.553559283609159,-0.553559283609159,demerger
2010-01-04,ADANIPOWER,,99.0,19.8,-0.8,0.0,adjustment_factor_discontinuity
2010-01-04,ADVANIHOTR,,55.45,27.725,-0.5088573959255979,-0.017714791851195733,adjustment_factor_discontinuity
2010-01-04,ADVANTA,,563.15,112.63,-0.7943582253058243,0.028208873470878082,adjustment_factor_discontinuity
2010-01-04,AEGISCHEM,,222.45,13.347,-0.934637610186092,0.08937316356513225,adjustment_factor_discontinuity
2019-08-19,AGI,INE415A01038,61.75,61.75,-0.7370662124760485,-0.7370662124760485,demerger
2022-10-06,AHLEAST,INE926K01017,175.75,175.75,-0.2475381761096047,-0.49835878407306977,demerger
2010-01-04,AJANTPHARM,,117.3,15.639999999999999,-0.8677378435517971,-0.008033826638477848,adjustment_factor_discontinuity
2010-01-04,AJMERA,,224.95,44.99,-0.7994651214620013,0.0026743926899932546,adjustment_factor_discontinuity
2024-08-02,AJMERA,INE298G01027,718.2,143.64000000000001,-0.0312268159438861,-0.0312268159438861,demerger
2019-08-26,ALEMBICLTD,INE426A01027,38.95,38.95,-0.2264150943396226,-0.2264150943396226,demerger
2010-01-05,ALKYLAMINE,,70.65,14.130000000000003,-0.8077551020408162,-0.03877551020408154,adjustment_factor_discontinuity
2010-01-04,ALLCARGO,,195.65,24.45625,-0.8755723734418723,-0.004578987534978429,adjustment_factor_discontinuity
2023-04-18,ALLCARGO,INE418H01029,273.2,68.3,-0.21006216567876257,-0.21006216567876257,demerger
2025-11-12,ALLCARGO,INE418H01029,11.88,11.88,-0.6492471213463241,-0.6492471213463241,demerger
2010-01-04,ALMONDZ,,50.5,8.416666666666666,-0.8178210678210678,0.09307359307359309,adjustment_factor_discontinuity
2010-01-04,AMRUTANJAN,,469.75,46.975,-0.8989784946236559,0.010215053763440896,adjustment_factor_discontinuity
2020-10-06,ANANTRAJ,INE242C01024,20.35,20.35,-0.4386206896551724,-0.4386206896551724,demerger
2020-03-05,ANDHRAPAP,INE435A01028,243.2,48.64,-0.7891177108172556,0.054411445913721934,adjustment_factor_discontinuity
2010-01-04,ANDHRSUGAR,,127.85,25.57,-0.785396558959295,0.07301720520352495,adjustment_factor_discontinuity
2021-11-11,ANGELONE,INE732I01013,1225.25,122.525,-0.9012373045300661,-0.012373045300660857,adjustment_factor_discontinuity
2010-01-04,ANSALHSG,,63.05,21.016666666666666,-0.6666666666666667,0.0,adjustment_factor_discontinuity
2010-01-04,APCOTEXIND,,89.55,8.955,-0.8978905359179019,0.021094640820980448,adjustment_factor_discontinuity
2026-02-11,AQYLON,INE416A01044,1999.9,199.99,-0.8992798146655923,0.0072018533440774135,adjustment_factor_discontinuity
2020-02-13,ARCHIDPLY,INE877I01016,24.35,24.35,-0.215780998389694,-0.215780998389694,demerger
2010-01-04,ARCHIES,,93.75,18.75,-0.8071979434447301,-0.03598971722365041,adjustment_factor_discontinuity
2022-03-03,ARSHIYA,INE968D01022,33.5,33.5,-0.12760416666666663,-0.12760416666666663,demerger
2018-11-28,ARVIND,INE034A01011,108.6,108.6,-0.6508599903552483,-0.6508599903552483,demerger
2015-02-02,ASAHISONG,INE228I01012,130.35,130.35,-0.1662935721138471,-0.1662935721138471,demerger
2010-01-04,ASHOKLEY,,52.3,13.075,-0.736391129032258,0.05443548387096775,adjustment_factor_discontinuity
2010-01-04,ASIANPAINT,,1788.65,178.865,-0.9004757400400623,-0.004757400400623113,adjustment_factor_discontinuity
2010-01-04,ASTRAL,,175.55,7.899750000000003,-0.9562946058091286,-0.028769017980636136,adjustment_factor_discontinuity
2010-01-04,ATLANTA,,174.25,34.85,-0.8028288543140029,-0.014144271570014189,adjustment_factor_discontinuity
2018-08-14,AURIONPRO,INE132H01018,196.5,98.25,-0.0800561797752809,-0.0800561797752809,demerger
2010-01-04,AUROPHARMA,,926.95,92.69500000000001,-0.8983440258814498,0.016559741185502075,adjustment_factor_discontinuity
2020-12-23,AURUM,INE898S01029,12.2,12.2,-0.9876223811697864,-0.9876223811697864,corporate_action_or_restructuring
2015-04-15,AVANTIFEED,INE871C01012,1776.25,177.625,-0.9013988731299787,-0.013988731299786283,adjustment_factor_discontinuity
2010-01-04,AVTNPL,,82.25,4.1125,-0.9497863247863247,0.004273504273504258,adjustment_factor_discontinuity
2010-01-04,AXISBANK,,992.1,198.42000000000002,-0.7994136676101901,0.002931661949049813,adjustment_factor_discontinuity
2010-01-04,BAJAJ-AUTO,,1732.05,866.025,-0.5064822201960337,-0.012964440392067456,adjustment_factor_discontinuity
2010-01-04,BAJAJELEC,,829.0,165.8,-0.7986886838271006,0.006556580864497397,adjustment_factor_discontinuity
2023-09-14,BAJAJELEC,INE193E01025,1076.25,1076.25,-0.06894761884164546,-0.06894761884164546,demerger
2010-01-04,BAJAJFINSV,,359.45,35.945,-0.8959924768518519,0.0400752314814814,adjustment_factor_discontinuity
2010-01-04,BALAMINES,,167.85,33.57,-0.7906454630495791,0.04677268475210483,adjustment_factor_discontinuity
2017-10-09,BALAXI,INE618N01014,16.4,3.28,-0.8098550724637681,-0.049275362318840665,adjustment_factor_discontinuity
2010-01-04,BALKRISIND,,558.5,55.85,-0.8992150139853831,0.00784986014616984,adjustment_factor_discontinuity
2010-01-04,BALMLAWRIE,,587.35,55.93809523809524,-0.9021205682623006,0.027734033245844225,adjustment_factor_discontinuity
2010-01-04,BANKBARODA,,515.7,103.14000000000001,-0.7993189999027143,0.0034050004864285555,adjustment_factor_discontinuity
2010-01-04,BANKBEES,,913.99,91.399,-0.8984771404451948,0.015228595548051782,adjustment_factor_discontinuity
2010-01-04,BATAINDIA,,196.4,98.2,-0.5017757483510907,-0.003551496702181578,adjustment_factor_discontinuity
2021-12-03,BBOX,INE676A01019,952.15,190.43,-0.7900093731047031,0.04995313447648453,adjustment_factor_discontinuity
2010-01-04,BBTC,,302.3,60.46000000000001,-0.7899965265717263,0.05001736714136862,adjustment_factor_discontinuity
2018-10-08,BCG,INE425B01027,3.55,1.704,-0.5060869565217392,0.02898550724637672,adjustment_factor_discontinuity
2010-01-04,BEL,,1947.9,19.675757575757576,-0.989863343254549,0.0035290177996445404,adjustment_factor_discontinuity
2022-09-08,BEML,INE258A01016,1537.2,768.6,-0.1640882025068653,-0.1640882025068653,demerger
2010-01-04,BERGEPAINT,,60.45,17.99107142857143,-0.7001488095238095,0.007500000000000062,adjustment_factor_discontinuity
2010-01-04,BHARATRAS,,74.0,18.5,-0.7398030942334739,0.04078762306610417,adjustment_factor_discontinuity
2010-01-04,BHEL,,2426.1,323.47999999999996,-0.8654017392751634,0.00948695543627509,adjustment_factor_discontinuity
2010-01-04,BHUSANSTL,,1477.2,295.44,-0.7966969446738232,0.01651527663088359,adjustment_factor_discontinuity
2010-01-04,BIOCON,,279.35,46.55833333333334,-0.8313409406508483,0.011954356094910468,adjustment_factor_discontinuity
2010-01-04,BLKASHYAP,,460.45,92.09,-0.7989520794673071,0.005239602663464682,adjustment_factor_discontinuity
2010-01-04,BOMDYEING,,411.55,82.31,-0.7968908081431215,0.015545959284392286,adjustment_factor_discontinuity
2023-12-05,BOROLTD,INE02PY01013,375.75,375.75,-0.1566603074851307,-0.1566603074851307,demerger
2020-03-06,BORORENEW,INE666D01022,49.85,49.85,-0.7359639830508475,-0.7359639830508475,demerger
2010-01-04,BPCL,,650.75,54.229166666666664,-0.9146736422521176,0.023916292974589082,adjustment_factor_discontinuity
2010-01-04,BRIGADE,,131.25,65.625,-0.5009505703422052,-0.0019011406844106071,adjustment_factor_discontinuity
2010-01-04,BRITANNIA,,1668.55,166.85500000000002,-0.900705189240657,-0.007051892406569893,adjustment_factor_discontinuity
2012-11-29,BSLIMITED,INE043K01011,199.0,9.950000000000001,-0.948631905007744,0.027361899845121274,adjustment_factor_discontinuity
2010-01-04,CADILAHC,,663.65,88.48666666666666,-0.863950389503895,0.02037207872078728,adjustment_factor_discontinuity
2010-01-04,CANBK,,398.85,79.77000000000001,-0.7948038585209003,0.025980707395498515,adjustment_factor_discontinuity
2010-01-04,CANFINHOME,,89.2,17.84,-0.7961142857142858,0.01942857142857135,adjustment_factor_discontinuity
2010-01-04,CARBORUNIV,,156.0,78.0,-0.5057034220532319,-0.011406844106463976,adjustment_factor_discontinuity
2010-01-04,CASTROL,,596.5,149.125,-0.7534512689096471,-0.013805075638588127,adjustment_factor_discontinuity
2018-09-28,CCAVENUE,INE483S01020,58.45,14.6125,-0.7082605440479162,-0.7082605440479162,corporate_action_or_restructuring
2020-12-10,CCAVENUE,INE483S01020,86.25,21.5625,-0.02926280247608326,-0.02926280247608326,demerger
2024-09-11,CCAVENUE,INE483S01020,29.29,29.29,-0.037463029904699297,-0.037463029904699297,demerger
2010-01-04,CCCL,,412.7,82.54,-0.8009165460684997,-0.0045827303424988974,adjustment_factor_discontinuity
2010-01-04,CCL,,192.05,38.410000000000004,-0.8017548387096773,-0.008774193548387044,adjustment_factor_discontinuity
2010-01-04,CESC,,398.1,39.81,-0.8969453792389335,0.030546207610665288,adjustment_factor_discontinuity
2013-08-13,CGCL,INE180C01018,130.0,6.5,-0.9509803921568627,-0.019607843137254832,adjustment_factor_discontinuity
2016-03-15,CGPOWER,INE067A01029,44.0,44.0,-0.716677398583387,-0.716677398583387,corporate_action_or_restructuring
2025-05-09,CHEMBOND,INE995D01025,341.8,341.8,-0.3758217677136596,-0.3758217677136596,demerger
2020-08-20,COFORGE,INE591G01017,2002.5,400.5,-0.801482068948425,-0.007410344742124986,adjustment_factor_discontinuity
2016-07-07,COMPINFO,INE070C01029,147.2,29.439999999999998,-0.794843205574913,0.025783972125435373,adjustment_factor_discontinuity
2010-01-04,CONCOR,,1284.25,219.1786666666667,-0.8324770385090635,-0.018420147514044305,adjustment_factor_discontinuity
2010-01-04,COX&KINGS,,448.4,224.2,-0.503378004208661,-0.006756008417321935,adjustment_factor_discontinuity
2018-10-25,COX&KINGS,INE008I01026,181.1,181.1,-0.07930859176410776,-0.07930859176410776,demerger
2025-05-09,CPCAP,INE521J01018,246.05,246.05,-0.37511111111111106,-0.37511111111111106,demerger
2010-01-04,CRISIL,,4493.0,449.3,-0.8989099008898539,0.010900991101461255,adjustment_factor_discontinuity
2010-01-04,DAAWAT,,69.45,6.945,-0.8983162518301611,0.01683748169838961,adjustment_factor_discontinuity
2025-10-31,DALMIASUG,INE495A01022,343.95,343.95,-0.006499133448873429,-0.006499133448873429,demerger
2025-07-18,DBREALTY,INE879I01012,199.47,199.47,-0.1521655969736898,-0.1521655969736898,demerger
2019-05-30,DCM,INE498A01018,40.85,40.85,-0.4903306300686213,-0.4903306300686213,demerger
2025-12-26,DCMSRIND,INE843D01027,54.52,54.52,-0.683317843866171,-0.683317843866171,demerger
2020-11-10,DEEPENR,INE677H01012,42.75,42.75,-0.38533429187634793,-0.38533429187634793,demerger
2021-09-01,DELPHIFX,INE726L01019,541.8,36.12,-0.9348190923035279,-0.02228638455291898,adjustment_factor_discontinuity
2022-05-13,DHAMPURSUG,INE041A01016,303.05,303.05,-0.1586618545252637,-0.1586618545252637,demerger
2010-01-04,DHANUS,,29.2,8.588235294117647,-0.701797385620915,0.01388888888888884,adjustment_factor_discontinuity
2010-01-04,DISHMAN,,235.0,117.5,-0.5046374367622259,-0.009274873524451888,adjustment_factor_discontinuity
2010-01-04,DIVISLAB,,670.85,335.425,-0.5043956855791962,-0.008791371158392347,adjustment_factor_discontinuity
2010-01-04,DPSCLTD,,653.6,65.36,-0.8998851190932067,0.001148809067932799,adjustment_factor_discontinuity
2010-01-04,DRREDDY,,1142.15,228.43000000000004,-0.800776207919065,-0.003881039595325153,adjustment_factor_discontinuity
2010-01-04,DWARKESH,,119.1,11.91,-0.8931359353970391,0.06864064602960962,adjustment_factor_discontinuity
2025-08-18,EASTSILK,INE962C01035,25.2,25.2,13.0,13.0,corporate_action_or_restructuring
2010-01-04,ECLERX,,424.5,70.75,-0.8299687575102139,0.020187454938716654,adjustment_factor_discontinuity
2010-01-04,EDELWEISS,,500.7,100.14,-0.8003986446083317,-0.0019932230416583874,adjustment_factor_discontinuity
2023-06-02,EDELWEISS,INE532F01054,36.75,36.75,-0.4473684210526315,-0.4473684210526315,demerger
2010-01-04,EICHERMOT,,675.65,67.565,-0.8968709455849806,0.03129054415019472,adjustment_factor_discontinuity
2010-01-04,EIHAHOTELS,,125.8,62.9,-0.5110765643218034,-0.022153128643606745,adjustment_factor_discontinuity
2010-01-04,ELGIEQUIP,,88.1,22.025,-0.7459630911188004,0.016147635524798032,adjustment_factor_discontinuity
2010-01-04,EMAMILTD,,503.95,83.99166666666666,-0.8290071932681867,0.02595684039087942,adjustment_factor_discontinuity
2010-01-04,ENGINERSIN,,1558.2,389.55,-0.7486774193548387,0.0052903225806451015,adjustment_factor_discontinuity
2022-03-07,ESSENTIA,INE418N01035,1.7,0.85,-0.5,0.0,adjustment_factor_discontinuity
2015-05-05,EXCEL,INE688J01015,17.3,0.3844444444444445,-0.9785226567349472,-0.03351955307262555,adjustment_factor_discontinuity
2010-01-04,FEDERALBNK,,235.9,23.590000000000003,-0.8998726655348047,0.0012733446519526126,adjustment_factor_discontinuity
2016-05-11,FEL,INE623B01027,19.0,19.0,-0.8742138364779874,-0.8742138364779874,corporate_action_or_restructuring
2010-01-04,FIEMIND,,109.0,54.5,-0.5002292526364054,-0.0004585052728106609,adjustment_factor_discontinuity
2010-01-04,FINPIPE,,56.95,11.39,-0.7975111111111111,0.01244444444444448,adjustment_factor_discontinuity
2010-01-04,GAEL,,24.95,6.2375,-0.7390167364016736,0.043933054393305415,adjustment_factor_discontinuity
2010-01-04,GAIL,,415.05,77.821875,-0.8117060851681587,0.004234212436486917,adjustment_factor_discontinuity
2018-08-13,GARFIBRES,INE276A01018,1213.55,242.71,-0.7951987174078137,0.024006412960931645,adjustment_factor_discontinuity
2010-01-04,GENUSPOWER,,171.9,17.19,-0.898284023668639,0.017159763313609577,adjustment_factor_discontinuity
2026-02-06,GENUSPOWER,INE955D01029,262.35,262.35,0.03348434114634635,0.03348434114634635,demerger
2019-08-06,GFLLIMITED,INE538A01037,95.95,95.95,-0.8910711244820344,-0.8910711244820344,demerger
2021-03-26,GFLLIMITED,INE538A01037,80.75,80.75,-0.2547300415320719,-0.2547300415320719,demerger
2023-04-06,GHCL,INE539A01019,516.75,516.75,-0.04878048780487809,-0.04878048780487809,demerger
2010-01-04,GMBREW,,83.85,34.34496000000001,-0.5886831137724551,0.004191616766467066,adjustment_factor_discontinuity
2022-01-11,GMRAIRPORT,INE776C01039,44.85,44.85,-0.07430340557275539,-0.07430340557275539,demerger
2010-01-04,GODFRYPHLP,,1949.3,129.95333333333332,-0.9351238913018155,-0.02685836952723275,adjustment_factor_discontinuity
2010-01-04,GODREJCP,,271.05,90.35,-0.657505686125853,0.027482941622441137,adjustment_factor_discontinuity
2010-01-04,GOLDBEES,,1653.88,16.538800000000002,-0.9899861345733505,0.00138654266494731,adjustment_factor_discontinuity
2010-01-04,GOLDIAM,,43.0,6.450000000000001,-0.8496503496503496,0.002331002331002363,adjustment_factor_discontinuity
2010-01-04,GOLDSHARE,,1653.85,16.5385,-0.9899851034582988,0.0014896541701232557,adjustment_factor_discontinuity
2010-01-04,GPIL,,224.35,11.217500000000001,-0.9459267293323692,0.08146541335261515,adjustment_factor_discontinuity
2010-01-04,GRANULES,,90.85,9.084999999999999,-0.899279379157428,0.007206208425720506,adjustment_factor_discontinuity
2010-01-04,GRASIM,,2544.1,508.82,-0.7944203147411164,0.027898426294418188,adjustment_factor_discontinuity
2010-01-04,GREAVESCOT,,280.1,56.02000000000001,-0.8025030847875902,-0.012515423937951575,adjustment_factor_discontinuity
2010-01-04,GREENPLY,,175.1,35.02,-0.7978060046189376,0.010969976905311762,adjustment_factor_discontinuity
2014-11-26,GREENPLY,INE461C01020,948.1,189.62,-0.14500856704842646,-0.14500856704842646,demerger
2019-07-12,GREENPLY,INE461C01038,158.65,158.65,-0.05817750074205985,-0.05817750074205985,demerger
2010-01-04,GRUH,,212.6,10.63,-0.9490045574478292,0.019908851043415776,adjustment_factor_discontinuity
2010-01-04,GSFC,,195.65,39.13,-0.795719133385539,0.021404333072304826,adjustment_factor_discontinuity
2026-07-02,GUJENERGY,INE844O01030,300.05,300.05,-0.11749999999999994,-0.11749999999999994,demerger
2013-07-09,GULFPETRO,INE586G01017,18.85,18.85,0.8156174750601999,-0.17864923747276684,adjustment_factor_discontinuity
2010-01-04,HAVELLS,,533.8,53.379999999999995,-0.8962790245798116,0.03720975420188477,adjustment_factor_discontinuity
2010-01-04,HCIL,,433.25,43.325,-0.9009261376629316,-0.009261376629316254,adjustment_factor_discontinuity
2010-01-04,HCLTECH,,371.1,92.775,-0.7501346619983841,-0.000538647993536201,adjustment_factor_discontinuity
2010-01-04,HDFC,,2674.35,534.87,-0.8001083788026011,-0.0005418940130055283,adjustment_factor_discontinuity
2010-01-04,HDFCBANK,,1705.7,85.28500000000001,-0.9498986635335586,0.002026729328829413,adjustment_factor_discontinuity
2010-01-04,HEG,,391.05,78.21000000000001,-0.7982718596853237,0.008640701573381593,adjustment_factor_discontinuity
2026-09-07,HEGAM,INE545A01024,272.2,272.2,-0.6262272571232407,-0.6262272571232407,demerger
2024-10-11,HERCULES,INE688E01024,199.5,199.5,-0.7061422889969067,-0.7061422889969067,demerger
2010-01-04,HERITGFOOD,,204.95,51.2375,-0.7488357843137254,0.004656862745098023,adjustment_factor_discontinuity
2011-11-30,HGS,INE170I01016,323.6,161.8,-0.5,0.0,adjustment_factor_discontinuity
2010-01-04,HIKAL,,432.8,57.70666666666667,-0.8675389265082827,-0.00654194881211978,adjustment_factor_discontinuity
2010-01-04,HINDPETRO,,399.75,59.22222222222222,-0.8482648674808552,0.024212144504227595,adjustment_factor_discontinuity
2025-12-05,HINDUNILVR,INE030A01027,2338.6,2338.6,-0.05019900901632679,-0.05019900901632679,demerger
2010-01-04,HINDZINC,,1208.6,241.72,-0.8002148937928755,-0.0010744689643773508,adjustment_factor_discontinuity
2010-01-04,HIRECT,,61.6,30.8,-0.5020210185933711,-0.00404203718674212,adjustment_factor_discontinuity
2019-04-09,HTMEDIA,INE501G01024,40.4,40.4,-0.14857744994731303,-0.14857744994731303,demerger
2022-09-01,IBULLSLTD,INE126M01010,46.65,46.65,-0.1594594594594595,-0.1594594594594595,demerger
2010-01-04,ICICIBANK,,879.7,159.94545454545457,-0.8176220586710894,0.0030786773090081265,adjustment_factor_discontinuity
2010-01-04,ICIL,,11.55,2.31,-0.79,0.050000000000000044,adjustment_factor_discontinuity
2015-09-29,IDFC,INE043D01016,138.9,138.9,-0.011387900355871894,-0.011387900355871894,demerger
2015-10-01,IDFC,INE043D01016,60.35,60.35,-0.5721375398794755,-0.5721375398794755,demerger
2017-09-13,IFGLREFRAC,INE023B01012,279.25,279.25,-0.056747171085965276,-0.056747171085965276,merger
2010-01-04,IGL,,198.85,19.885,-0.9004256384576865,-0.00425638457686528,adjustment_factor_discontinuity
2019-05-30,IIFL,INE530B01024,199.5,199.5,-0.522098454904779,-0.522098454904779,corporate_action_or_restructuring
2010-01-04,IMPAL,,397.5,132.5,-0.6736051237837172,-0.020815371351151635,adjustment_factor_discontinuity
2026-09-02,INDIAGLYCO,INE560A01023,236.2,236.2,-0.7875326077179096,-0.7875326077179096,demerger
2010-01-04,INDIANHUME,,637.4,63.74,-0.8967522475095164,0.03247752490483502,adjustment_factor_discontinuity
2010-01-04,INDNIPPON,,203.15,72.55357142857143,-0.6367781155015197,0.017021276595744705,adjustment_factor_discontinuity
2010-01-04,INDOCO,,366.9,73.38,-0.8038492381716119,-0.019246190858059453,adjustment_factor_discontinuity
2011-06-29,INFY,INE009A01021,2881.75,360.21875,-0.8742823613583219,0.005741109133424072,adjustment_factor_discontinuity
2026-07-31,INOXGREEN,INE510W01014,169.89,169.89,-0.030584878744650545,-0.030584878744650545,demerger
2010-01-04,INSECTICID,,93.85,41.71111111111111,-0.5517344319063825,0.008597528210639416,adjustment_factor_discontinuity
2010-01-04,IOC,,314.65,52.44166666666666,-0.8285659801678108,0.028604118993134975,adjustment_factor_discontinuity
2010-01-04,IPCALAB,,1059.9,105.99000000000001,-0.8981208247224491,0.018791752775508375,adjustment_factor_discontinuity
2010-01-04,IRB,,238.15,11.9075,-0.9515364265364266,-0.030728530728530656,adjustment_factor_discontinuity
2010-01-04,ITC,,253.65,84.55,-0.6628787878787878,0.011363636363636243,adjustment_factor_discontinuity
2025-01-06,ITC,INE154A01025,442.65,442.65,-0.08087624584717612,-0.08087624584717612,demerger
2010-01-04,ITDCEM,,208.45,20.845,-0.8958010497375656,0.041989502624343755,adjustment_factor_discontinuity
2010-01-04,J&KBANK,,578.1,57.81,-0.9004134366925065,-0.004134366925064525,adjustment_factor_discontinuity
2010-01-04,JAGSNPHARM,,20.85,8.340000000000002,-0.5798488664987405,0.05037783375314864,adjustment_factor_discontinuity
2010-01-04,JAIBALAJI,,272.05,54.410000000000004,-0.7972424073038942,0.01378796348052913,adjustment_factor_discontinuity
2010-01-04,JAYBARMARU,,63.0,12.600000000000001,-0.7957860615883307,0.021069692058346856,adjustment_factor_discontinuity
2010-01-04,JBMA,,58.15,5.815,-0.895695067264574,0.043049327354260036,adjustment_factor_discontinuity
2023-09-11,JHS,INE544H01014,24.7,24.7,-0.055449330783938766,-0.055449330783938766,demerger
2013-07-17,JINDALPOLY,INE197D01010,146.55,146.55,-0.03139458030403175,-0.03139458030403175,demerger
2019-12-30,JINDALPOLY,INE197D01010,223.25,223.25,-0.0493932297210985,-0.0493932297210985,demerger
2010-01-04,JISLJALEQS,,854.75,170.95000000000002,-0.8040350776637817,-0.02017538831890875,adjustment_factor_discontinuity
2010-01-04,JKIL,,185.2,92.6,-0.5012119579854566,-0.002423915970913071,adjustment_factor_discontinuity
2010-01-04,JKTYRE,,158.5,31.700000000000003,-0.7945560596241089,0.02721970187945555,adjustment_factor_discontinuity
2010-01-04,JMCPROJECT,,162.3,32.46,-0.7960414703110273,0.019792648444863392,adjustment_factor_discontinuity
2010-01-04,JMTAUTOLTD,,69.2,1.977142857142857,-0.9703131703131703,0.03903903903903916,adjustment_factor_discontinuity
2010-01-04,JSWSTEEL,,1022.95,102.29500000000002,-0.8990377023292538,0.009622976707461595,adjustment_factor_discontinuity
2022-11-21,JTLIND,INE391J01024,293.3,73.325,-0.7521129141311698,-0.00845165652467883,adjustment_factor_discontinuity
2021-02-04,JUBLPHARMA,INE700A01033,902.75,902.75,-0.11978354134165359,-0.11978354134165359,demerger
2010-01-04,JYOTHYLAB,,172.6,43.15,-0.7522250933103647,-0.008900373241458537,adjustment_factor_discontinuity
2010-01-04,KABRAEXTRU,,164.9,41.225,-0.7409676405906378,0.036129437637449024,adjustment_factor_discontinuity
2010-01-04,KALPATPOWR,,1119.4,223.88000000000002,-0.7949441289613481,0.025279355193258857,adjustment_factor_discontinuity
2016-03-18,KAMDHENU,INE390H01012,45.95,4.595000000000001,-0.9013948497854077,-0.013948497854077258,adjustment_factor_discontinuity
2022-09-06,KAMDHENU,INE390H01012,145.35,14.535,-0.46562500000000007,-0.46562500000000007,demerger
2010-01-04,KANSAINER,,1047.0,34.9,-0.9676866811721679,-0.03060043516503863,adjustment_factor_discontinuity
2010-01-04,KARURVYSYA,,399.35,43.219696969696976,-0.8909006765879163,0.008077748327653733,adjustment_factor_discontinuity
2010-01-04,KCP,,324.55,32.455000000000005,-0.8948144547075028,0.051855452924971734,adjustment_factor_discontinuity
2010-01-04,KEC,,585.8,117.16,-0.8010697003141184,-0.005348501570591857,adjustment_factor_discontinuity
2019-12-24,KESORAMIND,INE087A01019,53.6,53.6,-0.07025151777970506,-0.07025151777970506,demerger
2025-03-10,KESORAMIND,INE087A01019,9.71,9.71,-0.9525693630324346,-0.9525693630324346,demerger
2025-06-06,KHADIM,INE834I01025,267.3,267.3,-0.13704600484261498,-0.13704600484261498,demerger
2010-01-04,KKCL,,265.1,53.02000000000001,-0.7985944919278252,0.007027540360873719,adjustment_factor_discontinuity
2010-01-04,KNRCON,,119.75,11.975000000000001,-0.897954835960801,0.020451640391989878,adjustment_factor_discontinuity
2010-01-04,KOTAKBANK,,822.9,41.145,-0.9490117107627486,0.019765784745027437,adjustment_factor_discontinuity
2010-01-04,KOTAKGOLD,,1649.79,16.4979,-0.9899862824956146,0.001371750438535324,adjustment_factor_discontinuity
2010-01-04,KOTHARIPRO,,342.0,38.0,-0.8874740894284868,0.012733195143618703,adjustment_factor_discontinuity
2022-04-27,KPIGREEN,INE542W01017,532.6,59.17777777777778,-0.8913471444454645,-0.022124300009180087,adjustment_factor_discontinuity
2010-01-04,KPRMILL,,98.25,9.825000000000001,-0.902962962962963,-0.029629629629629672,adjustment_factor_discontinuity
2010-01-04,KRBL,,219.25,21.925,-0.8975945819710416,0.024054180289584393,adjustment_factor_discontinuity
2018-10-23,KSB,INE999A01015,715.1,143.02,-0.804483937115516,-0.02241968557758023,adjustment_factor_discontinuity
2010-01-04,KSCL,,243.75,48.75,-0.7949095498527555,0.02545225073622226,adjustment_factor_discontinuity
2010-01-04,LAOPALA,,33.95,3.3950000000000005,-0.8969650986342944,0.030349013657056112,adjustment_factor_discontinuity
2010-01-04,LICHSGFIN,,821.0,164.20000000000002,-0.7954658694569008,0.022670652715495843,adjustment_factor_discontinuity
2021-12-20,LINC,INE802B01019,224.2,56.05,-0.7620967741935484,-0.048387096774193616,adjustment_factor_discontinuity
2010-01-04,LT,,1691.4,751.7333333333333,-0.5518995390240025,0.008226037195994351,adjustment_factor_discontinuity
2010-01-04,LUMAXTECH,,73.25,14.65,-0.7910128388017118,0.04493580599144087,adjustment_factor_discontinuity
2010-01-04,LUPIN,,1459.7,291.94,-0.8019537344820569,-0.009768672410284118,adjustment_factor_discontinuity
2010-01-04,M&M,,1129.85,282.4625,-0.7386663274274876,0.04533469029004955,adjustment_factor_discontinuity
2010-01-04,M&MFIN,,346.05,69.21000000000001,-0.7979859894921191,0.010070052539404628,adjustment_factor_discontinuity
2010-01-04,MAGMA,,163.85,32.77,-0.793639798488665,0.03180100755667503,adjustment_factor_discontinuity
2010-01-04,MAHLIFE,,336.9,112.29999999999998,-0.6697544478753126,-0.009263343625937503,adjustment_factor_discontinuity
2016-09-22,MANDHANA,INE087J01010,42.75,42.75,-0.6494464944649447,-0.6494464944649447,demerger
2020-09-24,MANINDS,INE993A01026,59.15,59.15,-0.10174639331814728,-0.10174639331814728,demerger
2010-01-04,MARICO,,101.8,50.9,-0.5065438681531751,-0.013087736306350073,adjustment_factor_discontinuity
2010-01-04,MCDOWELL-N,,1317.8,263.56,-0.7908751884471951,0.04562405776402434,adjustment_factor_discontinuity
2021-05-17,MEGH,INE974H01013,138.25,138.25,0.004358881220486666,0.004358881220486666,demerger
2024-04-19,MHLXMIRU,INE112D01035,231.0,231.0,-0.27472527472527475,-0.27472527472527475,demerger
2010-01-04,MHRIL,,467.2,207.64444444444442,-0.5524421932440038,0.007005065200991423,adjustment_factor_discontinuity
2010-01-04,MINDAIND,,241.15,8.038333333333334,-0.9645185021702347,0.06444493489295966,adjustment_factor_discontinuity
2010-01-04,MINDTREE,,689.3,172.325,-0.7518361175115207,-0.007344470046082963,adjustment_factor_discontinuity
2023-03-29,MIRZAINT,INE771A01026,34.65,34.65,-0.862962230571485,-0.862962230571485,demerger
2010-01-04,MMFL,,66.85,16.7125,-0.7396806853582555,0.04127725856697806,adjustment_factor_discontinuity
2016-03-30,MOHITIND,INE954E01012,43.8,43.8,-0.28196721311475414,-0.28196721311475414,demerger
2010-01-04,MONSANTO,,1648.05,824.025,-0.5007573233164703,-0.0015146466329405417,adjustment_factor_discontinuity
2022-01-14,MOTHERSON,INE775A01035,185.55,185.55,-0.20975298126064734,-0.20975298126064734,demerger
2022-06-09,MOTHERSON,INE775A01035,124.4,55.28888888888889,-0.5541218637992831,0.003225806451612856,adjustment_factor_discontinuity
2010-01-04,MOTHERSUMI,,142.4,28.128395061728394,-0.7869060980172091,0.07878787878787885,adjustment_factor_discontinuity
2010-01-04,MOTILALOFS,,174.6,43.65,-0.7526912181303116,-0.010764872521246471,adjustment_factor_discontinuity
2010-01-04,MUNDRAPORT,,556.75,111.35000000000001,-0.7988074803505285,0.0059625982473574535,adjustment_factor_discontinuity
2010-01-04,MUNJALAU,,106.6,10.66,-0.8978927203065135,0.021072796934865856,adjustment_factor_discontinuity
2010-01-04,MURLIIND,,243.45,48.69,-0.791878606539859,0.04060696730070523,adjustment_factor_discontinuity
2010-01-04,MVL,,60.3,30.15,-0.5144927536231885,-0.02898550724637683,adjustment_factor_discontinuity
2010-01-04,NATCOPHARM,,125.75,25.150000000000002,-0.7937679376793768,0.031160311603116053,adjustment_factor_discontinuity
2010-01-04,NAUKRI,,874.8,43.74,-0.9506348400203148,-0.012696800406297615,adjustment_factor_discontinuity
2022-07-29,NAVA,INE725A01022,200.25,100.125,-0.5013695219123506,-0.0027390438247012483,adjustment_factor_discontinuity
2010-01-04,NAVINFLUOR,,339.85,67.97000000000001,-0.7989648033126293,0.005175983436852993,adjustment_factor_discontinuity
2010-01-04,NBVENTURES,,408.3,204.15,-0.5035262645914397,-0.007052529182879352,adjustment_factor_discontinuity
2013-11-21,NDL,INE875G01030,28.1,0.9366666666666666,-0.9679223744292238,-0.03767123287671226,adjustment_factor_discontinuity
2022-11-22,NDLVENTURE,INE353A01023,68.9,68.9,-0.8422438465941614,-0.8422438465941614,demerger
2010-01-04,NELCAST,,69.25,13.850000000000001,-0.7986918604651163,0.006540697674418672,adjustment_factor_discontinuity
2010-01-04,NESCO,,1158.2,115.82000000000001,-0.8822069666920925,0.17793033307907447,adjustment_factor_discontinuity
2010-01-04,NIFTYBEES,,523.93,52.393,-0.8995744762415901,0.0042552375840982926,adjustment_factor_discontinuity
2023-06-08,NIITLTD,INE161A01038,96.75,96.75,-0.7613468179575728,-0.7613468179575728,demerger
2010-01-04,NISSAN,,30.7,3.0700000000000003,-0.8948630136986301,0.051369863013698724,adjustment_factor_discontinuity
2010-01-04,NITINFIRE,,317.9,13.624285714285714,-0.9562903891104083,0.019890920757138275,adjustment_factor_discontinuity
2010-01-04,NMDC,,427.35,142.45,-0.6637554585152838,0.008733624454148492,adjustment_factor_discontinuity
2022-10-27,NMDC,INE584A01023,104.3,34.766666666666666,-0.20229445506692156,-0.20229445506692167,demerger
2010-01-04,NRBBEARING,,73.75,36.875,-0.5106171201061711,-0.021234240212342326,adjustment_factor_discontinuity
2024-07-01,OCCL,INE321D01016,209.5,209.5,-0.7412941467028895,-0.7412941467028895,demerger
2010-01-04,OIL,,1240.3,165.37333333333333,-0.8668384464664358,-0.0012883484982688653,adjustment_factor_discontinuity
2017-06-12,OMKARCHEM,INE474L01016,90.4,90.4,-0.5387755102040817,-0.5387755102040817,corporate_action_or_restructuring
2010-01-04,ONGC,,1187.45,395.81666666666666,-0.6639926428975664,0.008022071307300482,adjustment_factor_discontinuity
2010-01-04,ORIENTABRA,,26.15,8.716666666666665,-0.6608300907911804,0.017509727626459082,adjustment_factor_discontinuity
2010-01-04,ORIENTHOT,,266.75,26.675,-0.8989965921999243,0.010034078000757285,adjustment_factor_discontinuity
2018-01-11,ORIENTPPR,INE592A01026,52.3,52.3,-0.6956648239743963,-0.6956648239743963,corporate_action_or_restructuring
2018-01-24,PAISALO,INE420C01042,332.2,16.61,-0.952839295854628,-0.05678591709256109,adjustment_factor_discontinuity
2020-09-21,PANACEABIO,INE922B01023,191.8,191.8,-0.07387735393529693,-0.07387735393529693,demerger
2010-01-04,PANORAMUNI,,317.8,52.96666666666667,-0.8267931109657729,0.03924133420536302,adjustment_factor_discontinuity
2010-01-04,PARSVNATH,,122.7,61.35,-0.5058397100281917,-0.01167942005638345,adjustment_factor_discontinuity
2022-07-13,PATANJALI,INE619A01035,1039.3,346.4333333333333,-0.6715337694763124,-0.014601308428937254,adjustment_factor_discontinuity
2022-01-13,PCBL,INE602A01023,244.6,122.3,-0.5049585104229913,-0.009917020845982671,adjustment_factor_discontinuity
2022-02-17,PDSL,INE111Q01013,1686.3,337.26,-0.8047529452629751,-0.023764726314875362,adjustment_factor_discontinuity
2022-08-30,PEL,INE140A01024,1063.55,1063.55,-0.4479366727225539,-0.4479366727225539,demerger
2019-06-06,PENPEBS,INE455O01019,62.85,62.85,-0.003172085646312328,-0.003172085646312328,merger
2010-01-04,PFC,,255.5,102.2,-0.6091030789825971,-0.022757697456492587,adjustment_factor_discontinuity
2010-01-04,PFOCUS,,243.35,24.335,-0.8986885928393006,0.013114071606994182,adjustment_factor_discontinuity
2012-07-02,PGIL,INE940H01014,81.35,20.3375,-0.7555588942307693,-0.022235576923076983,adjustment_factor_discontinuity
2010-01-04,PHILIPCARB,,161.3,32.260000000000005,-0.7979329783902286,0.010335108048856956,adjustment_factor_discontinuity
2010-01-04,PHOENIXLTD,,198.75,99.375,-0.5006281407035176,-0.0012562814070351536,adjustment_factor_discontinuity
2010-01-04,PIDILITIND,,193.75,48.4375,-0.7518570696721312,-0.007428278688524581,adjustment_factor_discontinuity
2015-09-03,PILITA,INE600A01027,17.1,4.275,-0.7470414201183432,0.01183431952662728,adjustment_factor_discontinuity
2010-01-04,PLASTIBLEN,,135.35,33.8375,-0.7457738542449286,0.016904583020285413,adjustment_factor_discontinuity
2010-01-04,PNB,,925.5,185.10000000000002,-0.7957404546457736,0.021297726771132064,adjustment_factor_discontinuity
2014-10-09,POLARIS,INE763A01023,210.0,210.0,-0.15322580645161288,-0.15322580645161288,demerger
2019-04-23,PRAKASH,INE603A01013,78.55,78.55,-0.11192764273600908,-0.11192764273600908,demerger
2010-01-04,PRATIBHA,,302.9,60.58,-0.8032797532066894,-0.016398766033447032,adjustment_factor_discontinuity
2010-01-04,PRECWIRE,,82.7,5.513333333333334,-0.9318921144739551,0.021618282890673246,adjustment_factor_discontinuity
2020-08-21,PRIVISCL,INE959A01019,553.35,553.35,-0.1919538551401868,-0.1919538551401868,demerger
2010-01-04,PSUBNKBEES,,341.41,34.141000000000005,-0.8984744855477578,0.015255144522422048,adjustment_factor_discontinuity
2017-03-27,PTL,INE034D01031,56.45,28.225,-0.628129117259552,-0.628129117259552,corporate_action_or_restructuring
2010-01-04,QGOLDHALF,,821.87,16.4374,-0.9799761234757397,0.001193826213012672,adjustment_factor_discontinuity
2010-01-04,QNIFTY,,524.2,52.42000000000001,-0.8997897151596252,0.0021028484037468598,adjustment_factor_discontinuity
2025-04-15,QUESS,INE615P01015,298.2,298.2,-0.5070259547032567,-0.5070259547032567,demerger
2010-01-04,RAINCOM,,236.05,47.21000000000001,-0.7898508791453371,0.05074560427331409,adjustment_factor_discontinuity
2010-01-04,RAJRAYON,,10.8,1.08,-0.8946341463414634,0.0536585365853659,adjustment_factor_discontinuity
2010-01-04,RALLIS,,943.6,62.906666666666666,-0.9338972661517715,-0.008458992276572208,adjustment_factor_discontinuity
2016-03-14,RAMASTEEL,INE230R01019,88.35,1.1780000000000002,-0.7973507655255462,-0.8986753827627731,corporate_action_or_restructuring
2024-07-11,RAYMOND,INE301A01014,2001.3,2001.3,-0.3658946167738665,-0.3658946167738665,demerger
2025-05-14,RAYMOND,INE301A01014,551.2,551.2,-0.6476379211148756,-0.6476379211148756,demerger
2010-01-04,RECLTD,,246.55,92.45625000000001,-0.6192081960461284,0.015444810543657317,adjustment_factor_discontinuity
2010-01-04,REDINGTON,,312.05,31.205000000000002,-0.9001919078842155,-0.001919078842155697,adjustment_factor_discontinuity
2010-01-04,REFEX,,29.05,5.8100000000000005,-0.7982638888888889,0.00868055555555558,adjustment_factor_discontinuity
2010-01-04,RELIANCE,,1075.5,268.875,-0.7534500939892714,-0.013800375957085831,adjustment_factor_discontinuity
2023-07-20,RELIANCE,INE002A01018,2619.85,1309.925,-0.07811812727624612,-0.07811812727624612,demerger
2010-01-05,REMSONSIND,,19.15,3.83,-0.7989501312335958,0.005249343832020914,adjustment_factor_discontinuity
2010-01-04,RESURGERE,,97.85,9.785,-0.8993312757201646,0.006687242798353754,adjustment_factor_discontinuity
2019-04-08,RGL,INE722H01016,306.85,61.370000000000005,-0.8020322580645161,-0.010161290322580618,adjustment_factor_discontinuity
2010-01-04,RKFORGE,,97.0,19.400000000000002,-0.8054162487462387,-0.027081243731193583,adjustment_factor_discontinuity
2024-09-20,ROSSELLIND,INE847C01020,170.85,170.85,-0.7251668945548138,-0.7251668945548138,demerger
2010-01-04,RSSOFTWARE,,53.55,20.91796875,-0.5700314748201438,0.1007194244604317,adjustment_factor_discontinuity
2010-01-04,RSYSTEMS,,94.4,9.440000000000001,-0.8993066666666667,0.006933333333333458,adjustment_factor_discontinuity
2010-01-04,RUBYMILLS,,963.7,120.4625,-0.8755488403326618,-0.004390722661294477,adjustment_factor_discontinuity
2016-03-22,SABTN,INE416A01036,275.1,275.1,-0.3173697270471464,-0.3173697270471464,merger
2010-01-04,SADBHAV,,1217.7,121.77000000000001,-0.9007539019519948,-0.007539019519947843,adjustment_factor_discontinuity
2010-01-04,SAGCEM,,182.8,36.56,-0.787811955890888,0.06094022054556003,adjustment_factor_discontinuity
2010-01-04,SAHPETRO,,24.1,10.902380952380954,-0.5568137824235385,-0.020325203252032464,adjustment_factor_discontinuity
2010-01-04,SAKSOFT,,64.7,5.176000000000001,-0.919689681923972,0.0038789759503490284,adjustment_factor_discontinuity
2010-01-04,SAKUMA,,14.6,0.29200000000000004,-0.9799312714776632,0.0034364261168384758,adjustment_factor_discontinuity
2024-06-13,SANOFI,INE058A01010,6513.05,6513.05,-0.35339260274108597,-0.35339260274108597,demerger
2010-01-04,SANWARIA,,62.35,15.5875,-0.7393394648829431,0.04264214046822756,adjustment_factor_discontinuity
2010-01-04,SARDAEN,,243.15,24.315,-0.8825362318840579,0.17463768115942035,adjustment_factor_discontinuity
2010-01-04,SAREGAMA,,72.3,7.23,-0.8995135510771369,0.004864489228630919,adjustment_factor_discontinuity
2023-07-27,SAREGAMA,INE979A01025,411.3,411.3,-0.029838424342493175,-0.029838424342493175,demerger
2010-01-04,SARLAPOLY,,74.95,7.495000000000001,-0.897469220246238,0.025307797537619914,adjustment_factor_discontinuity
2010-01-04,SBIN,,2291.2,229.12,-0.8990215954164831,0.009784045835169675,adjustment_factor_discontinuity
2017-08-01,SCHAEFFLER,INE513A01014,4508.0,901.6,-0.8014118787238026,-0.007059393619013088,adjustment_factor_discontinuity
2023-03-31,SCI,INE109A01011,93.6,93.6,-0.22420223787816007,-0.22420223787816007,demerger
2010-01-04,SEINVEST,,375.15,9.37875,-0.9742624862788145,0.029500548847420482,adjustment_factor_discontinuity
2024-05-03,SEMAC,INE617A01013,2213.5,2213.5,-0.35341113237033894,-0.35341113237033894,demerger
2010-01-04,SESHAPAPER,,153.2,30.64,-0.788762495691141,0.05618752154429485,adjustment_factor_discontinuity
2015-04-23,SFCL,INE935O01010,165.35,165.35,-0.014013118664281454,-0.014013118664281454,demerger
2010-01-04,SHALPAINTS,,257.0,51.400000000000006,-0.7952599083847839,0.023700458076080455,adjustment_factor_discontinuity
2025-09-24,SHANKARA,INE274V01019,242.25,242.25,-0.7554265522463403,-0.7554265522463403,demerger
2020-03-26,SHARDAMOTR,INE597I01010,570.0,57.0,-0.05668183698800178,-0.056681836988001666,demerger
2010-01-04,SHILPAMED,,192.05,32.00833333333333,-0.8365671006722832,-0.0194026040336992,adjustment_factor_discontinuity
2010-01-04,SHIVAMAUTO,,99.0,9.9,-0.8946248004257584,0.05375199574241618,adjustment_factor_discontinuity
2010-01-04,SHOPERSTOP,,387.25,193.625,-0.5001935983479607,-0.00038719669592146566,adjustment_factor_discontinuity
2010-01-04,SHREEASHTA,,81.45,16.290000000000003,-0.7900773195876288,0.049613402061855716,adjustment_factor_discontinuity
2022-12-20,SHRIRAMFIN,INE721A01013,1389.25,277.85,-0.7975223173619967,0.01238841319001649,adjustment_factor_discontinuity
2025-04-07,SIEMENS,INE003A01024,2812.45,2812.45,-0.4293091728133275,-0.4293091728133275,demerger
2015-03-13,SIGNET,INE529F01019,122.0,12.200000000000001,-0.8922737306843267,0.07726269315673284,adjustment_factor_discontinuity
2017-05-25,SINTEX,INE429C01035,25.85,25.85,-0.7516810758885687,-0.7516810758885687,corporate_action_or_restructuring
2010-01-04,SIYSIL,,159.85,31.97,-0.7955228653661657,0.022385673169171838,adjustment_factor_discontinuity
2025-10-15,SKFINDIA,INE640A01023,2266.1,2266.1,-0.5475401325772702,-0.5475401325772702,demerger
2010-01-04,SKMEGGPROD,,23.35,11.675,-0.529233870967742,-0.058467741935483875,adjustment_factor_discontinuity
2010-01-04,SMSPHARMA,,177.3,17.73,-0.8994042553191489,0.005957446808510625,adjustment_factor_discontinuity
2010-01-04,SOLARINDS,,415.7,83.14,-0.7916290726817042,0.0418546365914787,adjustment_factor_discontinuity
2010-01-04,SOMANYCERA,,118.95,23.790000000000003,-0.789933774834437,0.050331125827814516,adjustment_factor_discontinuity
2023-11-15,SONAMLTD,INE00LM01011,84.0,42.0,-0.501187648456057,-0.002375296912114022,adjustment_factor_discontinuity
2010-01-04,SONATSOFTW,,44.45,16.668750000000003,-0.6077941176470587,0.045882352941176485,adjustment_factor_discontinuity
2010-01-04,SOTL,,413.1,82.62,-0.7931397095643464,0.03430145217826741,adjustment_factor_discontinuity
2010-01-04,SOUTHBANK,,150.0,15.0,-0.8996655518394648,0.0033444816053511683,adjustment_factor_discontinuity
2010-01-04,SRF,,212.0,42.400000000000006,-0.79296875,0.03515625,adjustment_factor_discontinuity
2010-01-04,SSWL,,103.9,10.39,-0.8949974734714502,0.05002526528549778,adjustment_factor_discontinuity
2024-12-06,STAR,INE939A01011,682.55,682.55,-0.5403858455944244,-0.5403858455944244,demerger
2010-01-04,STERTOOLS,,79.1,15.82,-0.8013810420590082,-0.006905210295040987,adjustment_factor_discontinuity
2025-04-24,STLTECH,INE089C01029,65.05,65.05,-0.25204093365528346,-0.25204093365528346,demerger
2010-01-04,STRTECH,,374.1,149.64000000000001,-0.5944165876134977,0.013958530966255767,adjustment_factor_discontinuity
2010-01-04,SUDARSCHEM,,349.1,69.82000000000001,-0.7999426934097421,0.00028653295128955314,adjustment_factor_discontinuity
2010-01-04,SUJANATOW,,52.35,10.47,-0.7978764478764478,0.010617760617760652,adjustment_factor_discontinuity
2025-06-19,SUMEETINDS,INE235C01028,55.96,11.192,10.443762781186095,10.443762781186095,corporate_action_or_restructuring
2010-01-04,SUNILHITEC,,227.4,22.740000000000002,-0.8991797827532698,0.008202172467302038,adjustment_factor_discontinuity
2010-01-04,SUNPHARMA,,1507.35,150.73499999999999,-0.9000961028632025,-0.0009610286320255179,adjustment_factor_discontinuity
2010-01-04,SUNTECK,,549.0,274.5,-0.5296838858905166,-0.05936777178103314,adjustment_factor_discontinuity
2010-01-04,SUPRAJIT,,108.4,21.680000000000003,-0.789922480620155,0.050387596899224896,adjustment_factor_discontinuity
2010-01-04,SUPREMEIND,,387.7,77.54,-0.7978623566214806,0.010688216892596358,adjustment_factor_discontinuity
2014-11-19,SURANASOL,INE272L01014,89.3,44.65,-0.5162513542795233,-0.03250270855904658,adjustment_factor_discontinuity
2010-01-04,SURYAPHARM,,163.65,16.365000000000002,-0.8991371340523883,0.008628659476117129,adjustment_factor_discontinuity
2010-01-04,SURYAROSNI,,68.3,17.075,-0.7443862275449102,0.022455089820359264,adjustment_factor_discontinuity
2010-01-04,SUTLEJTEX,,115.0,7.666666666666667,-0.9315781645098914,0.02632753235162877,adjustment_factor_discontinuity
2020-01-21,SUVEN,INE495B01038,15.95,15.95,-0.9470890694974291,-0.9470890694974291,demerger
2010-01-04,TALBROAUTO,,49.35,9.870000000000001,-0.7861321776814734,0.06933911159263273,adjustment_factor_discontinuity
2024-08-26,TARIL,INE763I01026,731.6,365.8,-0.5091909298269153,-0.018381859653830546,adjustment_factor_discontinuity
2020-03-04,TATACHEM,INE092A01019,314.95,314.95,-0.5652564014079646,-0.5652564014079646,demerger
2010-01-04,TATACOFFEE,,391.9,39.19,-0.9015326633165829,-0.015326633165829162,adjustment_factor_discontinuity
2019-09-17,TATACOMM,INE151A01013,278.25,278.25,-0.3480552952202437,-0.3480552952202437,demerger
2010-01-04,TATAINVEST,,478.6,47.86000000000001,-0.8993480546792849,0.006519453207150416,adjustment_factor_discontinuity
2010-01-04,TATAMOTORS,,826.45,165.29000000000002,-0.7911818583791295,0.04409070810435223,adjustment_factor_discontinuity
2010-01-04,TATAMTRDVR,,505.3,101.06,-0.7961266895299577,0.019366552350211785,adjustment_factor_discontinuity
2010-01-04,TATAPOWER,,1389.4,138.94000000000003,-0.8994245177168917,0.005754822831083306,adjustment_factor_discontinuity
2010-01-04,TATASTEEL,,633.75,63.375,-0.8974016512870325,0.025983487129674465,adjustment_factor_discontinuity
2010-01-04,TATATEA,,949.25,94.92500000000001,-0.8991286329100473,0.008713670899527237,adjustment_factor_discontinuity
2010-01-04,TEXMACOLTD,,164.2,65.67999999999999,-0.5990231990231991,0.0024420024420022113,adjustment_factor_discontinuity
2010-01-04,TFCILTD,,24.6,4.920000000000001,-0.796694214876033,0.016528925619834878,adjustment_factor_discontinuity
2010-01-04,THEMISMED,,169.0,1.6900000000000004,-0.9895839753466872,0.04160246533127898,adjustment_factor_discontinuity
2011-06-22,THEMISMED,INE083B01016,159.05,15.905000000000001,8.934415990006245,-0.0065584009993753245,adjustment_factor_discontinuity
2019-12-05,THOMASCOOK,INE332A01027,66.45,66.45,-0.5555183946488294,-0.5555183946488294,demerger
2010-01-04,TIDEWATER,,4880.5,488.05,-0.8990902512147214,0.00909748785278608,adjustment_factor_discontinuity
2010-01-04,TIPSINDLTD,,51.05,5.105,-0.8990108803165183,0.009891196834816984,adjustment_factor_discontinuity
2022-05-19,TIPSINDLTD,INE716B01011,1627.4,162.74,-0.09996405165500655,-0.09996405165500655,demerger
2010-01-04,TIRUMALCHM,,129.55,12.955000000000002,-0.8989469578783151,0.010530421216848884,adjustment_factor_discontinuity
2010-01-04,TITAN,,1421.5,142.15,-0.9001299750588401,-0.0012997505884005944,adjustment_factor_discontinuity
2025-10-14,TMPV,INE155A01022,395.45,395.45,-0.4015134317063943,-0.4015134317063943,demerger
2010-01-04,TORNTPHARM,,390.45,97.6125,-0.7523154021821873,-0.009261608728749149,adjustment_factor_discontinuity
2023-10-20,TPHQ,INE065J01016,11.8,1.1800000000000002,-0.90042194092827,-0.00421940928270037,adjustment_factor_discontinuity
2010-01-04,TRENT,,890.4,59.36,-0.9343580670131594,-0.015371005197390208,adjustment_factor_discontinuity
2010-01-04,TRIL,,390.6,35.154,-0.9087027658745618,0.014413712504869558,adjustment_factor_discontinuity
2026-07-22,TRIVENI,INE256C01024,275.5,275.5,-0.41569459172852596,-0.41569459172852596,demerger
2010-01-04,TTKPRESTIG,,432.55,36.04583333333334,-0.9151862745098039,0.017764705882352905,adjustment_factor_discontinuity
2010-01-04,TTL,,14.1,1.4100000000000001,-0.8989247311827957,0.010752688172043001,adjustment_factor_discontinuity
2019-07-11,TTML,INE517B01013,4.0,4.0,-0.012345679012345623,-0.012345679012345623,merger
2010-01-04,TULIP,,977.95,195.59000000000003,-0.7954079497907949,0.02296025104602517,adjustment_factor_discontinuity
2023-08-24,TVSHLTD,INE105A01035,5097.1,5097.1,-0.1326004458587886,-0.1326004458587886,demerger
2010-01-04,TWL,,441.7,88.34,-0.8018616126499944,-0.00930806324997202,adjustment_factor_discontinuity
2024-05-27,UEL,INE899L01030,160.95,25.547619047619044,2.6746575342465753,2.6746575342465753,demerger
2010-01-04,UNICHEMLAB,,324.95,129.98,-0.6066575881373883,-0.016643970343470982,adjustment_factor_discontinuity
2010-01-04,UNIPLY,,11.05,2.2100000000000004,-0.7934579439252336,0.032710280373831946,adjustment_factor_discontinuity
2010-01-04,UNITY,,535.55,107.11,-0.8023253667989296,-0.011626833994648145,adjustment_factor_discontinuity
2012-02-24,V2RETAIL,INE945H01013,16.9,1.69,-0.9045197740112995,-0.04519774011299438,adjustment_factor_discontinuity
2012-12-24,VAIBHAVGBL,INE884A01019,104.6,20.92,-0.7900652282990467,0.049673858504766466,adjustment_factor_discontinuity
2023-06-15,VAKRANGEE,INE051B01021,16.2,16.2,-0.0847457627118644,-0.0847457627118644,demerger
2010-01-04,VAKRANSOFT,,70.2,7.0200000000000005,-0.8949887808526552,0.05011219147344814,adjustment_factor_discontinuity
2010-01-04,VARDMNPOLY,,61.0,6.1000000000000005,-0.8966977138018628,0.03302286198137172,adjustment_factor_discontinuity
2026-04-30,VEDL,INE205A01025,271.55,271.55,-0.6489788004136505,-0.6489788004136505,demerger
2010-01-04,VESUVIUS,,217.75,21.775000000000002,-0.8998159650333564,0.001840349666436758,adjustment_factor_discontinuity
2025-10-13,VGL,INE273D01019,147.05,73.525,-0.5144300620789855,-0.028860124157971012,adjustment_factor_discontinuity
2010-01-04,VGUARD,,89.95,6.425000000000001,-0.9278495227400336,0.010106681639528325,adjustment_factor_discontinuity
2018-11-19,VIKASECO,INE806A01020,12.95,12.95,-0.07500000000000007,-0.07500000000000007,demerger
2010-01-04,VIPIND,,175.55,35.11000000000001,-0.7953962703962704,0.023018648018648058,adjustment_factor_discontinuity
2010-01-04,VISAKAIND,,131.4,26.28,-0.7959627329192547,0.020186335403726607,adjustment_factor_discontinuity
2010-01-04,VISESHINFO,,8.0,0.7272727272727273,-0.9090909090909091,0.0,adjustment_factor_discontinuity
2010-01-04,VIVIMEDLAB,,139.35,27.87,-0.8003581661891117,-0.0017908309455587634,adjustment_factor_discontinuity
2010-01-04,VSTIND,,525.8,47.8,-0.9095981087470449,-0.005579196217494142,adjustment_factor_discontinuity
2010-01-04,VTL,,215.0,43.0,-0.7939626257786296,0.03018687110685203,adjustment_factor_discontinuity
2010-01-04,WEBELSOLAR,,165.0,16.5,-0.9012567324955116,-0.012567324955116699,adjustment_factor_discontinuity
2023-01-04,WEL,INE02WG01016,257.55,25.755000000000003,-0.9044341372912801,-0.04434137291280149,adjustment_factor_discontinuity
2010-01-04,WELSPUNIND,,95.25,9.525,-0.8983457844183564,0.016542155816435367,adjustment_factor_discontinuity
2023-09-26,WINSOME,INE784B01035,8.55,8.55,56.00000000000001,56.00000000000001,corporate_action_or_restructuring
2010-01-04,WINSOMYARN,,16.05,1.6050000000000002,-0.8947540983606557,0.05245901639344264,adjustment_factor_discontinuity
2010-01-04,WIPRO,,693.8,78.05249999999998,-0.885216911764706,0.020294117647058796,adjustment_factor_discontinuity
2010-01-04,YESBANK,,268.45,53.69,-0.7982716513244411,0.008641743377794553,adjustment_factor_discontinuity
2010-01-04,ZEEL,,252.5,126.25,-0.5089459354336834,-0.017891870867366877,adjustment_factor_discontinuity
2010-01-04,ZENSARTECH,,334.65,33.464999999999996,-0.8969038817005546,0.030961182994454495,adjustment_factor_discontinuity
2022-04-01,ZFCVINDIA,INE342J01019,7616.2,1269.3666666666666,-0.8336718337111435,-0.002031002266860593,adjustment_factor_discontinuity
2010-01-04,ZODIACLOTH,,399.0,177.33333333333331,-0.5476767419121711,0.017727330697615118,adjustment_factor_discontinuity
2012-04-09,ZUARIIND,INE217A01012,186.2,186.2,-0.6422670509125841,-0.6422670509125841,demerger
2010-01-04,ZYDUSWELL,,268.8,53.760000000000005,-0.8019159911569639,-0.009579955784819294,adjustment_factor_discontinuity
