event_type,event_date,isin,resolved_symbol,mapped,mapped_date
demerger,2010-11-25,INE700A01033,JUBILANT,False,
demerger,2012-04-09,INE217A01012,ZUARIAGRO,True,2012-04-09
demerger,2013-07-17,INE197D01010,JINDALPOLY,True,2013-07-17
demerger,2014-10-09,INE763A01023,POLARIS,True,2014-10-09
demerger,2014-11-26,INE461C01020,GREENPLY,True,2014-11-26
demerger,2015-02-02,INE228I01012,ASAHISONG,True,2015-02-02
demerger,2015-09-29,INE043D01016,IDFC,True,2015-09-29
demerger,2015-09-29,INE043D01016,IDFC,True,2015-09-29
demerger,2015-09-29,INE043D01016,IDFC,True,2015-09-29
demerger,2015-09-29,INE043D01016,IDFC,True,2015-09-29
demerger,2015-09-29,INE043D01016,IDFC,True,2015-09-29
demerger,2015-09-29,INE043D01016,IDFC,True,2015-09-29
demerger,2015-09-29,INE043D01016,IDFC,True,2015-09-29
demerger,2015-09-29,INE043D01016,IDFC,True,2015-09-29
demerger,2015-09-29,INE043D01016,IDFC,True,2015-09-29
demerger,2015-09-29,INE043D01016,IDFC,True,2015-09-29
demerger,2015-09-29,INE043D01016,IDFC,True,2015-09-29
demerger,2015-09-29,INE043D01016,IDFC,True,2015-09-29
demerger,2015-09-29,INE043D01016,IDFC,True,2015-09-29
demerger,2015-09-29,INE043D01016,IDFC,True,2015-09-29
demerger,2015-10-01,INE043D01016,IDFC,True,2015-10-01
demerger,2015-04-23,INE935O01010,SFCL,True,2015-04-23
demerger,2016-09-22,INE087J01010,MANDHANA,True,2016-09-22
demerger,2016-03-30,INE954E01012,MOHITIND,True,2016-03-30
merger,2016-03-22,INE416A01036,SABTN,True,2016-03-22
merger,2017-09-14,INE023B01012,IFGLREFRAC,True,2017-09-13
demerger,2018-11-28,INE034A01011,ARVIND,True,2018-11-28
demerger,2018-08-14,INE132H01018,AURIONPRO,True,2018-08-14
demerger,2018-10-25,INE008I01018,COX&KINGS,True,2018-10-25
demerger,2018-11-19,INE806A01020,VIKASECO,True,2018-11-19
demerger,2019-07-03,INE769A01020,AARTIIND,True,2019-07-03
demerger,2019-12-20,INE117A01022,ABB,True,2019-12-20
demerger,2019-10-11,INE055A01016,CENTURYTEX,True,2019-10-11
demerger,2019-08-19,INE415A01038,HSIL,True,2019-08-19
demerger,2019-08-26,INE426A01027,ALEMBICLTD,True,2019-08-26
demerger,2019-05-30,INE498A01018,DCM,True,2019-05-30
demerger,2019-08-06,INE538A01037,GFLLIMITED,True,2019-08-06
demerger,2019-07-12,INE461C01038,GREENPLY,True,2019-07-12
demerger,2019-04-09,INE501G01024,HTMEDIA,True,2019-04-09
demerger,2019-12-30,INE197D01010,JINDALPOLY,True,2019-12-30
demerger,2019-12-24,INE087A01019,KESORAMIND,True,2019-12-24
merger,2019-06-07,INE455O01019,PENPEBS,True,2019-06-06
demerger,2019-04-23,INE603A01013,PRAKASH,True,2019-04-23
demerger,2019-09-17,INE151A01013,TATACOMM,True,2019-09-17
demerger,2019-12-05,INE332A01027,THOMASCOOK,True,2019-12-05
merger,2019-07-11,INE517B01013,TTML,True,2019-07-11
demerger,2020-01-21,INE495B01038,SUVEN,True,2020-01-21
demerger,2020-02-13,INE877I01016,ARCHIDPLY,True,2020-02-13
demerger,2020-03-04,INE092A01019,TATACHEM,True,2020-03-04
demerger,2020-03-06,INE666D01022,BORORENEW,True,2020-03-06
demerger,2020-03-26,INE597I01010,SHARDAMOTR,True,2020-03-26
demerger,2020-08-21,INE959A01019,FAIRCHEM,True,2020-08-21
demerger,2020-09-21,INE922B01023,PANACEABIO,True,2020-09-21
demerger,2020-09-24,INE993A01026,MANINDS,True,2020-09-24
demerger,2020-10-06,INE242C01024,ANANTRAJ,True,2020-10-06
demerger,2020-11-10,INE677H01012,DEEPENR,True,2020-11-10
demerger,2020-12-10,INE483S01020,INFIBEAM,True,2020-12-10
demerger,2021-03-26,INE538A01037,GFLLIMITED,True,2021-03-26
demerger,2021-02-04,INE700A01033,JUBILANT,True,2021-02-04
demerger,2021-05-18,INE974H01013,MEGH,True,2021-05-17
demerger,2022-10-19,INE769A01020,AARTIIND,True,2022-10-19
demerger,2022-10-06,INE926K01017,AHLEAST,True,2022-10-06
demerger,2022-03-03,INE968D01022,ARSHIYA,True,2022-03-03
demerger,2022-09-08,INE258A01016,BEML,True,2022-09-08
demerger,2022-05-13,INE041A01016,DHAMPURSUG,True,2022-05-13
demerger,2022-01-11,INE776C01039,GMRINFRA,True,2022-01-11
demerger,2022-09-01,INE126M01010,YAARI,True,2022-09-01
demerger,2022-09-06,INE390H01012,KAMDHENU,True,2022-09-06
demerger,2022-01-14,INE775A01035,MOTHERSUMI,True,2022-01-14
demerger,2022-11-22,INE353A01023,NXTDIGITAL,True,2022-11-22
demerger,2022-10-27,INE584A01023,NMDC,True,2022-10-27
demerger,2022-08-30,INE140A01024,PEL,True,2022-08-30
demerger,2022-05-19,INE716B01011,TIPSINDLTD,True,2022-05-19
demerger,2023-04-18,INE418H01029,ALLCARGO,True,2023-04-18
demerger,2023-09-14,INE193E01025,BAJAJELEC,True,2023-09-14
demerger,2023-12-05,INE02PY01013,BOROLTD,True,2023-12-05
demerger,2023-06-02,INE532F01047,EDELWEISS,True,2023-06-02
demerger,2023-04-06,INE539A01019,GHCL,True,2023-04-06
demerger,2023-09-11,INE544H01014,JHS,True,2023-09-11
demerger,2023-03-29,INE771A01026,MIRZAINT,True,2023-03-29
demerger,2023-06-08,INE161A01038,NIITLTD,True,2023-06-08
demerger,2023-07-20,INE002A01018,RELIANCE,True,2023-07-20
demerger,2023-07-27,INE979A01025,SAREGAMA,True,2023-07-27
demerger,2023-03-31,INE109A01011,SCI,True,2023-03-31
demerger,2023-08-24,INE105A01035,TVSHLTD,True,2023-08-24
demerger,2023-06-15,INE051B01021,VAKRANGEE,True,2023-06-15
demerger,2024-08-02,INE298G01027,AJMERA,True,2024-08-02
demerger,2024-09-11,INE483S01020,INFIBEAM,True,2024-09-11
demerger,2024-10-11,INE688E01024,HERCULES,True,2024-10-11
demerger,2024-04-19,INE112D01035,MHLXMIRU,True,2024-04-19
demerger,2024-07-01,INE321D01016,OCCL,True,2024-07-01
demerger,2024-07-11,INE301A01014,RAYMOND,True,2024-07-11
demerger,2024-09-20,INE847C01020,ROSSELLIND,True,2024-09-20
demerger,2024-06-13,INE058A01010,SANOFI,True,2024-06-13
demerger,2024-05-03,INE617A01013,SEMAC,True,2024-05-03
demerger,2024-12-06,INE939A01011,STAR,True,2024-12-06
demerger,2024-05-22,INE899L01030,UEL,True,2024-05-27
demerger,2025-01-06,INE154A01025,ITC,True,2025-01-06
demerger,2025-03-10,INE087A01019,KESORAMIND,True,2025-03-10
demerger,2025-04-07,INE003A01024,SIEMENS,True,2025-04-07
demerger,2025-04-15,INE615P01015,QUESS,True,2025-04-15
demerger,2025-04-24,INE089C01029,STLTECH,True,2025-04-24
demerger,2025-05-09,INE995D01025,CHEMBOND,True,2025-05-09
demerger,2025-05-09,INE521J01018,CPCAP,True,2025-05-09
demerger,2025-05-14,INE301A01014,RAYMOND,True,2025-05-14
demerger,2025-05-22,INE647O01011,ABFRL,True,2025-05-22
demerger,2025-06-06,INE834I01025,KHADIM,True,2025-06-06
demerger,2025-07-18,INE879I01012,DBREALTY,True,2025-07-18
demerger,2025-09-24,INE274V01019,SHANKARA,True,2025-09-24
demerger,2025-10-14,INE155A01022,TATAMOTORS,True,2025-10-14
demerger,2025-10-15,INE640A01023,SKFINDIA,True,2025-10-15
demerger,2025-10-31,INE495A01022,DALMIASUG,True,2025-10-31
demerger,2025-11-12,INE418H01029,ALLCARGO,True,2025-11-12
demerger,2025-12-05,INE030A01027,HINDUNILVR,True,2025-12-05
demerger,2025-12-26,INE843D01027,DCMSRIND,True,2025-12-26
demerger,2026-02-06,INE955D01011,GENUSPOWER,True,2026-02-06
demerger,2026-07-02,INE844O01030,GUJENERGY,True,2026-07-02
demerger,2026-09-07,INE545A01024,HEG,True,2026-09-07
demerger,2026-09-02,INE560A01023,INDIAGLYCO,True,2026-09-02
demerger,2026-07-31,INE510W01014,INOXGREEN,True,2026-07-31
demerger,2026-07-22,INE256C01024,TRIVENI,True,2026-07-22
demerger,2026-04-30,INE205A01025,VEDL,True,2026-04-30
