symbol,ex_date,type,price_factor,pre_event_volume_factor
20MICRONS,2013-01-28,split,0.5,2.0
360ONE,2023-03-02,split,0.5,2.0
360ONE,2023-03-02,bonus,0.5,2.0
4THDIM,2023-01-23,split,0.2,5.0
8KMILES,2016-10-10,split,0.5,2.0
AAKASH,2022-02-03,split,0.1,10.0
AARON,2025-08-25,bonus,0.5,2.0
AARTECH,2024-08-09,split,0.5,2.0
AARTECH,2024-08-09,bonus,0.6666666666666666,1.5
AARTIDRUGS,2015-03-24,bonus,0.5,2.0
AARTIDRUGS,2020-09-30,bonus,0.25,4.0
AARTIIND,2019-09-27,bonus,0.5,2.0
AARTIIND,2021-06-22,bonus,0.5,2.0
ABINFRA,2025-10-17,split,0.1,10.0
ABMINTLTD,2017-03-15,bonus,0.16666666666666666,6.0
ACCURACY,2023-02-15,split,0.1,10.0
ADANIPOWER,2025-09-22,split,0.2,5.0
ADFFOODS,2023-09-11,split,0.2,5.0
ADVANIHOTR,2024-03-20,bonus,0.5,2.0
ADVANTA,2013-07-05,split,0.2,5.0
ADVENZYMES,2017-05-25,split,0.2,5.0
AEGISCHEM,2010-08-18,bonus,0.6,1.6666666666666667
AEGISCHEM,2015-09-16,split,0.1,10.0
AFFLE,2021-10-07,split,0.2,5.0
AFIL,2025-04-17,split,0.1,10.0
AGCNET,2012-12-19,bonus,0.5,2.0
AGIIL,2025-02-07,split,0.5,2.0
AGIIL,2025-10-10,split,0.2,5.0
AHCL,2026-04-24,bonus,0.5,2.0
AHCL,2026-04-24,split,0.2,5.0
AHLEAST,2022-10-06,bonus,0.6666666666666666,1.5
AIIL,2026-01-13,bonus,0.2,5.0
AJANTPHARM,2012-08-09,split,0.5,2.0
AJANTPHARM,2013-09-17,bonus,0.6666666666666666,1.5
AJANTPHARM,2015-03-20,split,0.4,2.5
AJANTPHARM,2022-06-22,bonus,1.0,1.0
AJMERA,2026-01-14,split,0.2,5.0
AJOONI,2022-10-07,split,0.2,5.0
AKI,2023-06-22,split,0.2,5.0
AKSHAR,2023-07-31,split,0.1,10.0
AKSHAR,2024-02-15,bonus,0.8333333333333334,1.2
ALANKIT,2015-09-23,split,0.2,5.0
ALANKIT,2016-10-19,bonus,0.5,2.0
ALANKIT,2016-12-15,split,0.5,2.0
ALEMBICLTD,2013-09-27,bonus,0.5,2.0
ALKYLAMINE,2014-09-08,split,0.5,2.0
ALKYLAMINE,2021-05-11,split,0.4,2.5
ALLCARGO,2015-12-30,bonus,0.5,2.0
ALLCARGO,2024-01-02,bonus,0.25,4.0
ALMONDZ,2024-07-23,split,0.16666666666666666,6.0
AMARAJABAT,2012-09-25,split,0.5,2.0
AMIORG,2025-04-25,split,0.5,2.0
AMRUTANJAN,2012-10-25,split,0.2,5.0
AMRUTANJAN,2018-04-13,split,0.5,2.0
AMTEKINDIA,2011-11-21,bonus,0.5,2.0
ANANDRATHI,2025-03-05,bonus,0.5,2.0
ANANDRATHI,2026-06-03,bonus,0.5,2.0
ANDHRAPAP,2024-09-11,split,0.2,5.0
ANDHRSUGAR,2021-12-30,split,0.2,5.0
ANGELONE,2026-02-26,split,0.1,10.0
ANMOL,2023-07-18,bonus,0.2,5.0
ANSALHSG,2013-04-10,bonus,0.3333333333333333,3.0
ANUHPHR,2025-07-15,bonus,0.5,2.0
ANUP,2024-04-23,bonus,0.5,2.0
APCOTEXIND,2013-08-14,split,0.5,2.0
APCOTEXIND,2015-09-23,bonus,0.5,2.0
APCOTEXIND,2019-07-04,split,0.4,2.5
APLAPOLLO,2020-12-15,split,0.2,5.0
APLAPOLLO,2021-09-16,bonus,0.5,2.0
APOLLO,2023-05-04,split,0.1,10.0
APOLLOHOSP,2010-09-02,split,0.5,2.0
APOLLOPIPE,2021-12-02,bonus,0.3333333333333333,3.0
APOLSINHOT,2018-10-12,split,0.5,2.0
APTECHT,2023-07-14,bonus,0.7142857142857143,1.4
AQUA,2010-10-01,split,0.1,10.0
AQYLON,2026-03-05,split,0.1,10.0
ARCHIES,2010-11-02,split,0.2,5.0
ARCOTECH,2017-06-22,split,0.2,5.0
ARIHANTCAP,2022-04-12,split,0.2,5.0
AROGRANITE,2013-10-30,bonus,0.6666666666666666,1.5
ARTEMISMED,2021-09-23,split,0.1,10.0
ASHIANA,2013-10-24,split,0.2,5.0
ASHOKA,2013-07-03,split,0.5,2.0
ASHOKA,2018-07-12,bonus,0.6666666666666666,1.5
ASHOKLEY,2011-08-02,bonus,0.5,2.0
ASHOKLEY,2025-07-16,bonus,0.5,2.0
ASIANPAINT,2013-07-30,split,0.1,10.0
ASTRAL,2010-09-15,split,0.5,2.0
ASTRAL,2013-09-05,split,0.4,2.5
ASTRAL,2014-09-25,split,0.5,2.0
ASTRAL,2019-09-16,bonus,0.8,1.25
ASTRAL,2021-03-18,bonus,0.75,1.3333333333333333
ASTRAL,2023-03-14,bonus,0.75,1.3333333333333333
ASTRAMICRO,2010-12-30,bonus,0.6666666666666666,1.5
ATALREAL,2023-11-16,split,0.2,5.0
ATLANTA,2010-11-08,split,0.2,5.0
ATLASCYCLE,2017-10-30,split,0.5,2.0
ATULAUTO,2014-09-12,split,0.5,2.0
AUBANK,2022-06-09,bonus,0.5,2.0
AURIONPRO,2024-06-27,bonus,0.5,2.0
AUROPHARMA,2011-02-10,split,0.2,5.0
AUROPHARMA,2015-07-20,bonus,0.5,2.0
AVADHSUGAR,2019-06-27,bonus,0.5,2.0
AVANTIFEED,2015-11-26,split,0.2,5.0
AVANTIFEED,2018-06-26,split,0.5,2.0
AVONMORE,2024-06-28,split,0.1,10.0
AVROIND,2026-05-05,split,0.1,10.0
AVTNPL,2012-06-07,split,0.1,10.0
AVTNPL,2013-09-26,bonus,0.5,2.0
AXISBANK,2014-07-28,split,0.2,5.0
AXITA,2022-10-21,split,0.1,10.0
AXITA,2023-12-22,bonus,0.75,1.3333333333333333
AXITA,2024-09-20,bonus,0.75,1.3333333333333333
AXITA,2026-02-13,bonus,0.9090909090909091,1.1
BAJAJ-AUTO,2010-09-08,bonus,0.5,2.0
BAJAJCORP,2011-05-05,split,0.2,5.0
BAJAJELEC,2010-01-28,split,0.2,5.0
BAJAJFINSV,2022-09-13,split,0.2,5.0
BAJAJFINSV,2022-09-13,bonus,0.5,2.0
BAJFINANCE,2016-09-08,split,0.2,5.0
BAJFINANCE,2025-06-16,split,0.5,2.0
BAJFINANCE,2025-06-16,bonus,0.2,5.0
BALAMINES,2010-11-18,split,0.2,5.0
BALAXI,2024-05-30,split,0.2,5.0
BALKRISIND,2010-12-20,split,0.2,5.0
BALKRISIND,2017-12-21,bonus,0.5,2.0
BALMLAWRIE,2013-05-23,bonus,0.5714285714285714,1.75
BALMLAWRIE,2016-12-26,bonus,0.25,4.0
BALMLAWRIE,2019-12-26,bonus,0.6666666666666666,1.5
BANCOINDIA,2024-12-30,bonus,0.5,2.0
BANKBARODA,2015-01-22,split,0.2,5.0
BANKBEES,2019-12-19,split,0.1,10.0
BANSWRAS,2022-09-08,split,0.5,2.0
BASML,2021-02-12,split,0.5,2.0
BATAINDIA,2015-10-07,split,0.5,2.0
BBL,2024-04-24,split,0.5,2.0
BBOX,2022-05-13,split,0.2,5.0
BBTC,2012-11-08,split,0.2,5.0
BCG,2021-08-18,bonus,0.8,1.25
BCG,2022-03-15,bonus,0.6,1.6666666666666667
BCLIND,2023-10-27,split,0.1,10.0
BDL,2024-05-24,split,0.5,2.0
BEARDSELL,2017-05-04,split,0.2,5.0
BECTORFOOD,2025-12-12,split,0.2,5.0
BEL,2015-09-14,bonus,0.3333333333333333,3.0
BEL,2017-03-16,split,0.1,10.0
BEL,2017-09-28,bonus,0.9090909090909091,1.1
BEL,2022-09-15,bonus,0.3333333333333333,3.0
BEML,2025-11-03,split,0.5,2.0
BEPL,2023-07-05,bonus,0.6666666666666666,1.5
BERGEPAINT,2015-01-08,split,0.5,2.0
BERGEPAINT,2016-07-15,bonus,0.7142857142857143,1.4
BERGEPAINT,2023-09-22,bonus,0.8333333333333334,1.2
BESTAGRO,2026-01-16,split,0.1,10.0
BESTAGRO,2026-01-16,bonus,0.6666666666666666,1.5
BHAGCHEM,2024-05-02,split,0.1,10.0
BHAGERIA,2016-10-26,split,0.5,2.0
BHAGERIA,2019-07-17,bonus,0.5,2.0
BHARATFORG,2017-09-28,bonus,0.5,2.0
BHARATGEAR,2022-09-27,bonus,0.6666666666666666,1.5
BHARATRAS,2025-12-12,split,0.5,2.0
BHARATRAS,2025-12-12,bonus,0.5,2.0
BHEL,2011-10-03,split,0.2,5.0
BHEL,2017-09-28,bonus,0.6666666666666666,1.5
BHUSANSTL,2010-09-21,split,0.2,5.0
BIGBLOC,2021-11-15,split,0.2,5.0
BIGBLOC,2024-09-12,bonus,0.5,2.0
BILENERGY,2013-03-26,split,0.1,10.0
BILENERGY,2018-01-11,bonus,0.5,2.0
BILPOWER,2012-10-04,bonus,0.5,2.0
BIOCON,2017-06-15,bonus,0.3333333333333333,3.0
BIOCON,2019-06-12,bonus,0.5,2.0
BIRLACOT,2010-09-29,bonus,0.8333333333333334,1.2
BIRLAPOWER,2010-10-20,bonus,0.8333333333333334,1.2
BLKASHYAP,2010-09-29,split,0.2,5.0
BLS,2017-04-26,split,0.1,10.0
BLS,2022-05-13,bonus,0.5,2.0
BLS,2022-12-08,bonus,0.5,2.0
BLUEDART,2014-11-17,bonus,1.0,1.0
BLUESTARCO,2023-06-20,bonus,0.5,2.0
BOMDYEING,2012-10-30,split,0.2,5.0
BOROSIL,2018-08-02,bonus,0.25,4.0
BPCL,2012-07-13,bonus,0.5,2.0
BPCL,2016-07-13,bonus,0.5,2.0
BPCL,2017-07-13,bonus,0.6666666666666666,1.5
BPCL,2024-06-21,bonus,0.5,2.0
BRIGADE,2019-08-28,bonus,0.6666666666666666,1.5
BRIGADE,2026-06-17,bonus,0.75,1.3333333333333333
BRITANNIA,2010-03-08,bonus,1.0,1.0
BRITANNIA,2010-09-08,split,0.2,5.0
BRITANNIA,2018-11-29,split,0.5,2.0
BRITANNIA,2019-08-22,bonus,1.0,1.0
BRITANNIA,2021-05-25,bonus,1.0,1.0
BSE,2022-03-21,bonus,0.3333333333333333,3.0
BSE,2025-05-23,bonus,0.3333333333333333,3.0
BSHSL,2022-09-23,split,0.1,10.0
BSLGOLDETF,2021-11-25,split,0.01,100.0
BSLIMITED,2013-09-30,bonus,0.5,2.0
BSLIMITED,2014-01-21,split,0.1,10.0
BTML,2024-04-05,split,0.1,10.0
CADILAHC,2010-04-05,bonus,0.6666666666666666,1.5
CADILAHC,2015-10-06,split,0.2,5.0
CAMS,2025-12-05,split,0.2,5.0
CANBK,2024-05-15,split,0.2,5.0
CANFINHOME,2017-10-12,split,0.2,5.0
CANTABIL,2023-11-02,split,0.2,5.0
CAPLIPOINT,2016-10-19,split,0.2,5.0
CARBORUNIV,2011-10-05,split,0.5,2.0
CASTROL,2010-04-09,bonus,0.5,2.0
CASTROL,2012-09-04,bonus,0.5,2.0
CASTROLIND,2017-12-21,bonus,0.5,2.0
CCCL,2010-02-10,split,0.2,5.0
CCL,2013-08-19,split,0.2,5.0
CDSL,2024-08-23,bonus,0.5,2.0
CERA,2010-09-02,bonus,0.5,2.0
CESC,2021-09-17,split,0.1,10.0
CGCL,2016-11-23,split,0.2,5.0
CGCL,2024-03-05,bonus,0.5,2.0
CGCL,2024-03-05,split,0.5,2.0
CHOICEIN,2022-09-22,bonus,0.5,2.0
CHOICEIN,2024-02-20,bonus,0.5,2.0
CHOLAFIN,2019-06-14,split,0.2,5.0
CLEDUCATE,2021-09-30,split,0.5,2.0
CLEDUCATE,2022-12-16,bonus,0.5,2.0
CMAHENDRA,2015-06-18,bonus,0.5,2.0
CMC,2011-06-08,bonus,0.5,2.0
COASTCORP,2025-03-04,split,0.2,5.0
COCHINSHIP,2024-01-10,split,0.5,2.0
COFORGE,2025-06-04,split,0.2,5.0
COLPAL,2015-09-23,bonus,0.5,2.0
COMPINFO,2017-02-16,split,0.2,5.0
CONCOR,2013-09-06,bonus,0.6666666666666666,1.5
CONCOR,2017-04-05,bonus,0.8,1.25
CONCOR,2018-06-26,split,0.5,2.0
CONCOR,2019-02-04,bonus,0.8,1.25
CONCOR,2025-07-04,bonus,0.8,1.25
CORALFINAC,2017-08-03,split,0.2,5.0
CORDELIA,2026-08-25,split,0.1,10.0
COROMANDEL,2010-12-23,split,0.5,2.0
COROMANDEL,2012-07-13,bonus,1.0,1.0
CORPBANK,2015-01-22,split,1.0,1.0
COSMOFILMS,2022-06-16,bonus,0.6666666666666666,1.5
COX&KINGS,2011-06-21,split,0.5,2.0
CRISIL,2011-09-28,split,0.1,10.0
CROMPGREAV,2010-03-08,bonus,0.5714285714285714,1.75
CRONIMET,2011-11-03,split,0.2,5.0
CUB,2017-07-13,bonus,0.9090909090909091,1.1
CUB,2018-07-10,bonus,0.9090909090909091,1.1
CUB,2026-06-12,bonus,0.75,1.3333333333333333
CUMMINSIND,2011-09-20,bonus,0.7142857142857143,1.4
CUPID,2018-10-11,bonus,0.8333333333333334,1.2
CUPID,2024-04-04,split,0.1,10.0
CUPID,2024-04-04,bonus,0.5,2.0
CUPID,2026-03-09,bonus,0.2,5.0
DAAWAT,2017-02-07,split,0.1,10.0
DABUR,2010-09-08,bonus,0.5,2.0
DAMODARIND,2018-10-25,split,0.5,2.0
DANGEE,2022-09-06,split,0.1,10.0
DANGEE,2022-09-06,bonus,0.6666666666666666,1.5
DAVANGERE,2024-05-31,split,0.1,10.0
DBEIL,2026-06-19,split,0.1,10.0
DECCANCE,2017-09-11,split,0.5,2.0
DEEPAKNTR,2014-06-20,split,0.2,5.0
DEEPINDS,2023-04-10,split,0.5,2.0
DELPHIFX,2026-02-13,bonus,0.3333333333333333,3.0
DELPHIFX,2026-02-13,split,0.2,5.0
DEVIT,2022-11-25,split,0.5,2.0
DEVIT,2025-08-21,split,0.4,2.5
DFMFOODS,2018-11-01,split,0.2,5.0
DHANUS,2011-08-29,bonus,0.29411764705882354,3.4
DHFL,2015-09-09,bonus,0.5,2.0
DIACABS,2024-12-03,split,0.1,10.0
DIAPOWER,2013-08-26,bonus,0.75,1.3333333333333333
DIL,2022-10-27,bonus,0.5,2.0
DISHMAN,2016-05-02,bonus,0.5,2.0
DIVISLAB,2015-09-23,bonus,0.5,2.0
DIXON,2021-03-18,split,0.2,5.0
DJML,2024-08-09,bonus,0.3333333333333333,3.0
DOLLAR,2017-08-31,split,0.2,5.0
DOLPHIN,2024-01-25,split,0.1,10.0
DPSCLTD,2011-12-15,split,0.1,10.0
DPWIRES,2023-11-08,bonus,0.875,1.1428571428571428
DRCSYSTEMS,2022-03-16,split,0.1,10.0
DRCSYSTEMS,2024-02-27,bonus,0.3333333333333333,3.0
DRREDDY,2011-03-17,bonus,1.0,1.0
DRREDDY,2024-10-28,split,0.2,5.0
DUCON,2022-04-18,bonus,0.9090909090909091,1.1
DVL,2021-08-05,bonus,0.6666666666666666,1.5
DWARKESH,2017-08-10,split,0.1,10.0
DYCL,2025-07-11,bonus,0.5,2.0
E2E,2026-06-05,split,0.1,10.0
EASEMYTRIP,2022-02-28,bonus,0.5,2.0
EASEMYTRIP,2022-11-21,bonus,0.25,4.0
EASEMYTRIP,2022-11-21,split,0.5,2.0
EASEMYTRIP,2024-11-29,bonus,0.5,2.0
ECLERX,2010-07-23,bonus,0.6666666666666666,1.5
ECLERX,2015-12-17,bonus,0.75,1.3333333333333333
ECLERX,2022-09-21,bonus,0.6666666666666666,1.5
ECLERX,2026-03-13,bonus,0.5,2.0
EDELWEISS,2010-08-10,split,0.2,5.0
EICHERMOT,2020-08-24,split,0.1,10.0
EIDPARRY,2010-12-23,split,0.5,2.0
EIHAHOTELS,2024-08-13,bonus,0.5,2.0
ELECON,2024-07-19,split,0.5,2.0
ELGIEQUIP,2010-12-14,bonus,0.5,2.0
ELGIEQUIP,2020-09-24,bonus,0.5,2.0
EMAMILTD,2010-07-21,split,0.5,2.0
EMAMILTD,2013-06-26,bonus,0.6666666666666666,1.5
EMAMILTD,2018-06-21,bonus,0.5,2.0
ENGINERSIN,2010-05-06,split,0.5,2.0
ENGINERSIN,2016-12-30,bonus,0.5,2.0
ENTEGRA,2011-09-26,bonus,0.7647058823529411,1.3076923076923077
ESSELPACK,2018-06-20,bonus,0.5,2.0
ESSENTIA,2024-01-11,bonus,0.5,2.0
EXCEL,2018-01-23,bonus,0.3333333333333333,3.0
EXCEL,2022-09-28,bonus,0.6666666666666666,1.5
EXCEL,2022-09-28,split,0.1,10.0
EXXARO,2024-12-13,split,0.1,10.0
FCL,2015-02-12,bonus,0.5,2.0
FCL,2015-06-11,split,0.2,5.0
FCL,2025-10-31,bonus,0.2,5.0
FCL,2025-10-31,split,0.5,2.0
FCSSOFT,2010-02-26,bonus,0.5,2.0
FEDERALBNK,2013-10-17,split,0.2,5.0
FEDERALBNK,2015-07-08,bonus,0.5,2.0
FIEMIND,2024-02-28,bonus,0.5,2.0
FILATEX,2018-06-27,split,0.2,5.0
FILATEX,2022-12-27,split,0.5,2.0
FILATFASH,2024-08-09,split,0.2,5.0
FINPIPE,2021-04-15,split,0.2,5.0
FISCHER,2025-09-12,split,0.1,10.0
FOCUS,2023-10-06,split,0.2,5.0
GABRIEL,2012-07-12,bonus,0.5,2.0
GAEL,2020-10-01,split,0.5,2.0
GAEL,2024-03-15,bonus,0.5,2.0
GAIL,2017-03-09,bonus,0.75,1.3333333333333333
GAIL,2018-03-27,bonus,0.75,1.3333333333333333
GAIL,2019-07-09,bonus,0.5,2.0
GAIL,2022-09-06,bonus,0.6666666666666666,1.5
GAL,2016-10-13,split,0.1,10.0
GALLISPAT,2018-08-07,split,0.1,10.0
GAMMNINFRA,2013-01-23,bonus,0.9714285714285714,1.0294117647058825
GANESHHOUC,2016-07-14,bonus,0.6666666666666666,1.5
GANGAFORGE,2021-09-13,split,0.1,10.0
GARFIBRES,2025-01-03,bonus,0.2,5.0
GAYAPROJ,2017-02-10,split,0.2,5.0
GEEKAYWIRE,2023-10-23,split,0.2,5.0
GEEKAYWIRE,2025-10-30,split,0.5,2.0
GENESYS,2010-06-23,split,0.5,2.0
GENSOL,2023-10-17,bonus,0.3333333333333333,3.0
GENUSPOWER,2010-10-22,split,0.1,10.0
GICRE,2018-07-12,bonus,0.5,2.0
GILLANDERS,2010-09-14,bonus,0.6666666666666666,1.5
GLAXO,2018-09-11,bonus,0.5,2.0
GLOBAL,2022-10-19,split,0.5,2.0
GLOBAL,2024-12-10,split,0.4,2.5
GLOBE,2021-08-03,split,0.2,5.0
GLOBE,2021-08-03,bonus,0.3333333333333333,3.0
GLODYNE,2011-02-10,split,0.6,1.6666666666666667
GMBREW,2014-05-16,bonus,0.8,1.25
GMBREW,2016-05-30,bonus,0.8,1.25
GMBREW,2018-05-21,bonus,0.8,1.25
GMBREW,2024-05-24,bonus,0.8,1.25
GMMPFAUDLR,2022-07-11,bonus,0.3333333333333333,3.0
GNA,2023-09-01,bonus,0.5,2.0
GODFRYPHLP,2014-11-28,split,0.2,5.0
GODFRYPHLP,2025-09-16,bonus,0.3333333333333333,3.0
GODHA,2022-01-20,bonus,0.5,2.0
GODHA,2022-03-24,split,0.1,10.0
GODREJCP,2017-06-22,bonus,0.5,2.0
GODREJCP,2018-09-12,bonus,0.6666666666666666,1.5
GODREJIND,2015-01-05,bonus,0.9992006394884093,1.0008
GODREJPROP,2013-11-21,split,0.5,2.0
GOENKA,2012-10-25,split,0.1,10.0
GOKULAGRO,2025-10-14,split,0.5,2.0
GOLDBEES,2019-12-19,split,0.01,100.0
GOLDIAM,2022-03-28,split,0.2,5.0
GOLDIAM,2026-07-10,bonus,0.75,1.3333333333333333
GOLDSHARE,2021-03-25,split,0.01,100.0
GOODLUCK,2026-08-21,bonus,0.3333333333333333,3.0
GOYALALUM,2023-04-25,split,0.1,10.0
GPIL,2021-10-26,split,0.5,2.0
GPIL,2021-10-26,bonus,0.5,2.0
GPIL,2024-10-04,split,0.2,5.0
GPTINFRA,2017-07-13,bonus,0.5,2.0
GPTINFRA,2022-11-11,bonus,0.5,2.0
GPTINFRA,2024-07-03,bonus,0.5,2.0
GRANULES,2015-03-23,split,0.1,10.0
GRASIM,2016-10-06,split,0.2,5.0
GRAVITA,2012-05-25,split,0.2,5.0
GREAVESCOT,2010-11-24,split,0.2,5.0
GREENLAM,2022-02-10,split,0.2,5.0
GREENLAM,2025-03-21,bonus,0.5,2.0
GREENPLY,2016-01-06,split,0.2,5.0
GRINDWELL,2016-07-14,bonus,0.5,2.0
GRMOVER,2025-12-24,bonus,0.3333333333333333,3.0
GRPLTD,2024-08-12,bonus,0.25,4.0
GRUH,2012-07-24,split,0.2,5.0
GRUH,2014-06-09,bonus,0.5,2.0
GRUH,2018-06-06,bonus,0.5,2.0
GSFC,2012-09-20,split,0.2,5.0
GUJGASLTD,2019-01-15,split,0.2,5.0
GUJNRECOKE,2010-05-06,bonus,1.0,1.0
GULPOLY,2016-12-27,split,0.2,5.0
GULPOLY,2023-06-21,bonus,0.8333333333333334,1.2
HAL,2023-09-28,split,0.5,2.0
HARDWYN,2022-07-25,bonus,0.6666666666666666,1.5
HARDWYN,2023-06-05,split,0.1,10.0
HARDWYN,2023-06-05,bonus,0.75,1.3333333333333333
HARDWYN,2024-12-27,bonus,0.7142857142857143,1.4
HARDWYN,2026-07-28,bonus,0.7142857142857143,1.4
HATHWAY,2015-01-06,split,0.2,5.0
HATSUN,2016-07-13,bonus,0.7142857142857143,1.4
HATSUN,2020-12-09,bonus,0.75,1.3333333333333333
HAVELLS,2010-10-08,bonus,0.5,2.0
HAVELLS,2014-08-26,split,0.2,5.0
HCC,2010-08-10,bonus,0.5,2.0
HCIL,2010-11-08,split,0.1,10.0
HCLTECH,2015-03-19,bonus,0.5,2.0
HCLTECH,2019-12-05,bonus,0.5,2.0
HDFC,2010-08-18,split,0.2,5.0
HDFCAMC,2025-11-26,bonus,0.5,2.0
HDFCBANK,2011-07-14,split,0.2,5.0
HDFCBANK,2019-09-19,split,0.5,2.0
HDFCBANK,2025-08-26,bonus,0.5,2.0
HDFCMFGETF,2021-02-17,split,0.01,100.0
HEG,2024-10-18,split,0.2,5.0
HERCULES,2012-07-11,bonus,0.5,2.0
HERITGFOOD,2013-07-26,bonus,0.5,2.0
HERITGFOOD,2017-10-10,split,0.5,2.0
HEXAWARE,2011-02-24,bonus,0.5,2.0
HGS,2022-02-22,bonus,0.5,2.0
HIKAL,2015-02-27,split,0.2,5.0
HIKAL,2018-06-22,bonus,0.6666666666666666,1.5
HINDCOMPOS,2017-05-25,split,0.5,2.0
HINDCON,2023-11-10,split,0.2,5.0
HINDDORROL,2010-03-15,bonus,0.5,2.0
HINDPETRO,2016-09-14,bonus,0.3333333333333333,3.0
HINDPETRO,2017-07-11,bonus,0.6666666666666666,1.5
HINDPETRO,2024-06-21,bonus,0.6666666666666666,1.5
HINDZINC,2011-03-07,split,0.2,5.0
HIRECT,2026-03-27,bonus,0.5,2.0
HITECH,2023-03-17,split,0.1,10.0
HITECHGEAR,2010-12-01,bonus,0.5,2.0
HLEGLAS,2022-10-18,split,0.2,5.0
HMAAGRO,2023-12-29,split,0.1,10.0
HNDFDS,2022-07-21,split,0.2,5.0
HPAL,2023-11-09,split,0.2,5.0
ICICIBANK,2014-12-04,split,0.2,5.0
ICICIBANK,2017-06-20,bonus,0.9090909090909091,1.1
ICIL,2016-11-11,split,0.2,5.0
IEX,2018-10-19,split,0.1,10.0
IEX,2021-12-03,bonus,0.3333333333333333,3.0
IFGLEXPOR,2025-07-18,bonus,0.5,2.0
IGARASHI,2018-09-27,bonus,0.8898678414096917,1.1237623762376237
IGL,2017-11-09,split,0.2,5.0
IGL,2025-01-31,bonus,0.5,2.0
IMFA,2022-01-07,bonus,0.5,2.0
IMPAL,2012-09-10,bonus,0.5,2.0
IMPAL,2019-10-25,bonus,0.6666666666666666,1.5
INDIAGLYCO,2025-08-12,split,0.5,2.0
INDIAMART,2023-06-21,bonus,0.5,2.0
INDIANHUME,2010-08-30,split,0.2,5.0
INDIANHUME,2016-12-09,bonus,0.5,2.0
INDNIPPON,2011-09-20,bonus,0.7142857142857143,1.4
INDNIPPON,2018-03-21,split,0.5,2.0
INDOCO,2012-05-17,split,0.2,5.0
INDOTHAI,2025-07-18,split,0.1,10.0
INDTERRAIN,2015-12-21,split,0.2,5.0
INFIBEAM,2017-08-31,split,0.1,10.0
INFIBEAM,2021-03-18,bonus,0.5,2.0
INFIBEAM,2022-03-14,bonus,0.5,2.0
INFINITE,2017-11-01,bonus,0.9629629629629629,1.0384615384615385
INFOBEAN,2026-02-27,bonus,0.25,4.0
INFODRIVE,2014-12-24,split,0.1,10.0
INFOTECENT,2010-06-10,bonus,0.5,2.0
INFY,2014-12-02,bonus,0.5,2.0
INFY,2015-06-15,bonus,0.5,2.0
INFY,2018-09-04,bonus,0.5,2.0
INOXWIND,2024-05-24,bonus,0.25,4.0
INSECTICID,2015-04-16,bonus,0.6666666666666666,1.5
INSECTICID,2022-09-30,bonus,0.6666666666666666,1.5
INTEGRA,2022-02-03,split,0.3333333333333333,3.0
INVENTURE,2012-05-22,bonus,1.0,1.0
INVENTURE,2021-06-24,split,0.1,10.0
IOC,2016-10-18,bonus,0.5,2.0
IOC,2018-03-15,bonus,0.5,2.0
IOC,2022-06-30,bonus,0.6666666666666666,1.5
IOLCP,2025-03-11,split,0.2,5.0
IONEXCHANG,2023-06-12,split,0.1,10.0
IPCALAB,2010-03-22,split,0.2,5.0
IPCALAB,2022-01-10,split,0.5,2.0
IRB,2023-02-22,split,0.1,10.0
IRB,2026-03-30,bonus,0.5,2.0
IRCON,2020-04-03,split,0.2,5.0
IRCON,2021-05-20,bonus,0.5,2.0
IRCTC,2021-10-28,split,0.2,5.0
IRISDOREME,2023-08-11,split,0.2,5.0
IRISDOREME,2025-07-04,bonus,0.5,2.0
ITC,2010-08-03,bonus,0.5,2.0
ITC,2016-07-01,bonus,0.6666666666666666,1.5
ITDCEM,2015-08-21,split,0.1,10.0
IVC,2013-12-26,bonus,0.6666666666666666,1.5
IVRCLAH,2010-05-20,bonus,0.6666666666666666,1.5
IVRCLINFRA,2010-03-18,bonus,0.5,2.0
J&KBANK,2014-09-04,split,0.1,10.0
JAGSNPHARM,2025-01-08,split,0.4,2.5
JAIBALAJI,2025-01-17,split,0.2,5.0
JAMNAAUTO,2015-12-03,split,0.5,2.0
JAMNAAUTO,2017-10-05,split,0.2,5.0
JASH,2024-10-30,split,0.2,5.0
JAYAGROGN,2017-08-01,bonus,0.5,2.0
JAYBARMARU,2021-06-07,bonus,0.5,2.0
JAYBARMARU,2023-10-26,split,0.4,2.5
JAYSREETEA,2010-08-13,split,0.5,2.0
JBCHEPHARM,2023-09-18,split,0.5,2.0
JBMA,2014-10-08,split,0.5,2.0
JBMA,2022-02-21,split,0.4,2.5
JBMA,2025-01-31,split,0.5,2.0
JETFREIGHT,2022-05-19,split,0.5,2.0
JINDALPOLY,2010-10-22,bonus,0.5,2.0
JINDALSAW,2024-10-09,split,0.5,2.0
JINDWORLD,2017-12-26,split,0.5,2.0
JINDWORLD,2018-10-31,split,0.2,5.0
JINDWORLD,2025-02-28,bonus,0.2,5.0
JISLJALEQS,2010-10-29,split,0.2,5.0
JKIL,2015-12-10,split,0.5,2.0
JKTYRE,2014-12-18,split,0.2,5.0
JLHL,2026-07-24,split,0.2,5.0
JMA,2019-05-14,split,0.2,5.0
JMCPROJECT,2018-10-04,split,0.2,5.0
JMTAUTOLTD,2014-07-30,bonus,0.2857142857142857,3.5
JMTAUTOLTD,2015-06-25,split,0.2,5.0
JMTAUTOLTD,2016-09-21,split,0.5,2.0
JOCIL,2011-09-27,bonus,0.5,2.0
JSWSTEEL,2017-01-04,split,0.1,10.0
JTLIND,2023-09-07,bonus,0.5,2.0
JTLIND,2024-11-14,split,0.5,2.0
JUBLFOOD,2018-06-21,bonus,0.5,2.0
JUBLFOOD,2022-04-19,split,0.2,5.0
JYOTHYLAB,2012-07-12,bonus,0.5,2.0
JYOTHYLAB,2018-06-28,bonus,0.5,2.0
KABRAEXTRU,2010-05-17,split,0.5,2.0
KABRAEXTRU,2010-09-06,bonus,0.5,2.0
KAJARIACER,2016-10-04,split,0.5,2.0
KALPATPOWR,2010-09-08,split,0.2,5.0
KAMDHENU,2025-01-08,split,0.1,10.0
KAMOPAINTS,2023-08-01,bonus,0.5,2.0
KAMOPAINTS,2024-06-14,split,0.2,5.0
KANANIIND,2012-11-01,split,0.2,5.0
KANANIIND,2013-02-01,bonus,0.9090909090909091,1.1
KANANIIND,2024-01-30,bonus,0.5,2.0
KANPRPLA,2021-09-15,bonus,0.6666666666666666,1.5
KANSAINER,2010-06-23,bonus,0.5,2.0
KANSAINER,2015-03-26,split,0.1,10.0
KANSAINER,2023-07-04,bonus,0.6666666666666666,1.5
KAPSTON,2024-08-09,split,0.5,2.0
KAPSTON,2026-03-06,bonus,0.6666666666666666,1.5
KARDA,2020-07-02,split,0.2,5.0
KARDA,2021-08-12,split,0.5,2.0
KARDA,2021-08-12,bonus,0.2,5.0
KARURVYSYA,2010-09-16,bonus,0.7142857142857143,1.4
KARURVYSYA,2016-11-17,split,0.2,5.0
KARURVYSYA,2018-08-14,bonus,0.9090909090909091,1.1
KARURVYSYA,2025-08-26,bonus,0.8333333333333334,1.2
KBCGLOBAL,2025-04-04,bonus,0.5,2.0
KCP,2010-09-02,split,0.1,10.0
KEC,2010-12-30,split,0.2,5.0
KELLTONTEC,2018-03-27,bonus,0.5,2.0
KELLTONTEC,2025-07-25,split,0.2,5.0
KILITCH,2026-03-24,bonus,0.5,2.0
KIMS,2024-09-13,split,0.2,5.0
KIRLPNU,2026-08-18,split,0.5,2.0
KITEX,2017-06-22,bonus,0.7142857142857143,1.4
KITEX,2025-01-17,bonus,0.3333333333333333,3.0
KKCL,2021-12-16,bonus,0.2,5.0
KMEW,2025-12-22,split,0.5,2.0
KMSUGAR,2010-03-26,split,0.2,5.0
KNRCON,2016-12-13,split,0.2,5.0
KNRCON,2021-02-03,bonus,0.5,2.0
KOTAKBANK,2010-09-13,split,0.5,2.0
KOTAKBANK,2015-07-08,bonus,0.5,2.0
KOTAKBANK,2026-01-14,split,0.2,5.0
KOTAKGOLD,2015-04-13,split,0.1,10.0
KOTAKGOLD,2021-07-22,split,0.1,10.0
KOTAKNIFTY,2017-07-27,split,0.1,10.0
KOTHARIPRO,2014-03-28,bonus,0.3333333333333333,3.0
KOTHARIPRO,2016-01-05,bonus,0.6666666666666666,1.5
KOTHARIPRO,2025-02-18,bonus,0.5,2.0
KOTYARK,2026-06-24,bonus,0.09090909090909091,11.0
KPIGREEN,2023-01-18,bonus,0.5,2.0
KPIGREEN,2024-02-15,bonus,0.6666666666666666,1.5
KPIGREEN,2024-07-18,split,0.5,2.0
KPIGREEN,2025-01-03,bonus,0.6666666666666666,1.5
KPIT,2012-03-13,bonus,0.5,2.0
KPRMILL,2016-11-29,split,0.5,2.0
KPRMILL,2021-09-24,split,0.2,5.0
KRBL,2010-02-10,split,0.1,10.0
KRISHANA,2023-10-25,bonus,0.5,2.0
KRISHANA,2026-07-03,split,0.2,5.0
KRITIKA,2022-08-30,split,0.2,5.0
KRITIKA,2023-12-19,bonus,0.3333333333333333,3.0
KSB,2024-07-25,split,0.2,5.0
KSBPUMPS,2011-04-18,bonus,0.5,2.0
KSCL,2014-01-27,split,0.2,5.0
KSERASERA,2015-03-30,split,0.1,10.0
KSHITIJPOL,2022-10-27,split,0.2,5.0
KSOLVES,2025-02-06,split,0.5,2.0
KTIL,2016-08-11,split,0.5,2.0
KTKBANK,2020-03-17,bonus,0.9090909090909091,1.1
KUANTUM,2020-07-14,split,0.1,10.0
KWALITY,2010-06-15,bonus,0.5833333333333334,1.7142857142857142
LAL,2024-03-28,bonus,0.6470588235294118,1.5454545454545454
LAL,2024-03-28,split,0.1,10.0
LALPATHLAB,2025-12-19,bonus,0.5,2.0
LAMBODHARA,2015-10-15,split,0.5,2.0
LANCER,2022-12-16,split,0.5,2.0
LAOPALA,2014-09-24,split,0.2,5.0
LAOPALA,2018-03-22,bonus,0.5,2.0
LAURUSLABS,2020-09-29,split,0.2,5.0
LEMERITE,2026-05-29,split,0.2,5.0
LGBBROSLTD,2014-07-04,bonus,0.5,2.0
LGBBROSLTD,2018-06-14,bonus,0.5,2.0
LGHL,2025-10-10,bonus,0.4166666666666667,2.4
LIBAS,2021-04-06,bonus,0.8333333333333334,1.2
LIBAS,2021-09-21,bonus,0.8333333333333334,1.2
LICHSGFIN,2010-12-30,split,0.2,5.0
LICI,2026-05-29,bonus,0.5,2.0
LIKHITHA,2022-12-02,split,0.5,2.0
LINC,2024-12-20,bonus,0.5,2.0
LINC,2024-12-20,split,0.5,2.0
LITL,2010-01-04,split,0.1,10.0
LODHA,2023-05-31,bonus,0.5,2.0
LT,2013-07-11,bonus,0.6666666666666666,1.5
LT,2017-07-13,bonus,0.6666666666666666,1.5
LUMAXTECH,2018-06-07,split,0.2,5.0
LUPIN,2010-08-27,split,0.2,5.0
LUXIND,2016-06-06,split,0.2,5.0
LYPSAGEMS,2014-09-29,bonus,0.6666666666666666,1.5
LYPSAGEMS,2017-07-12,bonus,0.7142857142857143,1.4
M&M,2010-03-29,split,0.5,2.0
M&M,2017-12-21,bonus,0.5,2.0
M&MFIN,2013-02-15,split,0.2,5.0
MAANALU,2017-07-10,bonus,0.5,2.0
MAANALU,2021-08-02,bonus,0.5,2.0
MAANALU,2023-07-27,split,0.5,2.0
MAANALU,2023-07-27,bonus,0.5,2.0
MAGADSUGAR,2019-06-27,bonus,0.7142857142857143,1.4
MAGMA,2010-08-13,split,0.2,5.0
MAHESHWARI,2020-10-13,bonus,0.5,2.0
MAHLIFE,2021-09-14,bonus,0.3333333333333333,3.0
MAHSEAMLES,2022-11-25,bonus,0.5,2.0
MAITHANALL,2015-07-15,bonus,0.5,2.0
MANAPPURAM,2011-06-09,bonus,1.0,1.0
MANINFRA,2014-08-28,split,0.2,5.0
MANINFRA,2021-11-17,bonus,0.6666666666666666,1.5
MANORAMA,2024-03-07,split,0.2,5.0
MANPASAND,2017-09-27,bonus,0.5,2.0
MARATHON,2018-04-05,split,0.5,2.0
MARICO,2015-12-22,bonus,0.5,2.0
MARINE,2021-02-18,split,0.2,5.0
MASFIN,2024-02-22,bonus,0.3333333333333333,3.0
MAYURUNIQ,2013-09-25,split,0.5,2.0
MAYURUNIQ,2014-03-28,bonus,0.5,2.0
MAZDA,2025-01-28,split,0.2,5.0
MAZDOCK,2024-12-27,split,0.5,2.0
MBAPL,2022-10-18,bonus,0.5,2.0
MBAPL,2023-10-20,bonus,0.5,2.0
MBAPL,2026-07-03,split,0.2,5.0
MBLINFRA,2015-07-28,bonus,0.5,2.0
MBSWITCH,2012-12-21,split,0.1,10.0
MCDOWELL-N,2018-06-15,split,0.2,5.0
MCX,2026-01-02,split,0.2,5.0
MEDICO,2023-03-16,split,0.2,5.0
MENONBE,2015-04-09,split,0.2,5.0
MENONBE,2016-08-30,bonus,0.8333333333333334,1.2
METROPOLIS,2026-03-20,bonus,0.25,4.0
MGEL,2022-08-18,split,0.2,5.0
MGEL,2025-03-04,split,0.5,2.0
MHRIL,2017-07-10,bonus,0.6666666666666666,1.5
MHRIL,2021-09-08,bonus,0.6666666666666666,1.5
MICROTECH,2012-07-17,bonus,0.5,2.0
MINDACORP,2012-03-27,bonus,0.5,2.0
MINDACORP,2015-01-05,split,0.2,5.0
MINDAIND,2016-09-12,split,0.2,5.0
MINDAIND,2018-07-11,bonus,0.3333333333333333,3.0
MINDAIND,2022-07-07,bonus,0.5,2.0
MINDTECK,2024-09-20,bonus,0.8,1.25
MINDTREE,2014-06-03,bonus,0.5,2.0
MINDTREE,2016-03-09,bonus,0.5,2.0
MITTAL,2021-08-31,bonus,0.9090909090909091,1.1
MITTAL,2023-11-01,split,0.1,10.0
MKPL,2023-11-10,split,0.1,10.0
MKPL,2024-03-15,bonus,0.3333333333333333,3.0
MMFL,2018-07-18,bonus,0.5,2.0
MMFL,2024-07-16,bonus,0.5,2.0
MMTC,2010-07-29,split,0.1,10.0
MMTC,2018-05-03,bonus,0.6666666666666666,1.5
MOIL,2017-09-27,bonus,0.5,2.0
MOKSH,2021-07-14,split,0.2,5.0
MOLDTKPAC,2016-02-17,split,0.5,2.0
MONARCH,2024-09-13,bonus,0.5,2.0
MONEYBOXX,2025-12-15,bonus,0.5,2.0
MONSANTO,2011-10-05,bonus,0.5,2.0
MOTHERSON,2022-10-03,bonus,0.6666666666666666,1.5
MOTHERSON,2025-07-18,bonus,0.6666666666666666,1.5
MOTHERSUMI,2012-10-03,bonus,0.6666666666666666,1.5
MOTHERSUMI,2013-12-20,bonus,0.6666666666666666,1.5
MOTHERSUMI,2015-07-23,bonus,1.0,1.0
MOTHERSUMI,2017-07-05,bonus,0.6666666666666666,1.5
MOTHERSUMI,2018-10-30,bonus,0.6666666666666666,1.5
MOTILALOFS,2024-06-10,bonus,0.25,4.0
MOTISONS,2024-11-08,split,0.1,10.0
MOTOGENFIN,2020-06-19,split,0.5,2.0
MSUMI,2022-11-16,bonus,0.7142857142857143,1.4
MSUMI,2025-07-18,bonus,0.6666666666666666,1.5
MUNDRAPORT,2010-09-23,split,0.2,5.0
MUNJALAU,2011-12-29,split,0.2,5.0
MUNJALAU,2017-07-11,bonus,0.5,2.0
MURLIIND,2010-03-18,split,0.2,5.0
MUTHOOTCAP,2017-06-12,bonus,0.9090909090909091,1.1
MVL,2010-11-16,split,0.5,2.0
MWL,2026-07-10,split,0.1,10.0
NARMADA,2026-07-31,split,0.5,2.0
NATCOPHARM,2015-11-26,split,0.2,5.0
NATIONALUM,2011-03-15,split,0.5,2.0
NAUKRI,2010-09-27,bonus,0.5,2.0
NAUKRI,2012-06-22,bonus,0.5,2.0
NAUKRI,2025-05-07,split,0.2,5.0
NAVA,2025-01-20,split,0.5,2.0
NAVINFLUOR,2017-07-19,split,0.2,5.0
NAVKARURB,2025-04-24,bonus,0.4,2.5
NAVKARURB,2025-05-09,split,0.5,2.0
NAZARA,2022-06-24,bonus,0.5,2.0
NAZARA,2025-09-26,split,0.5,2.0
NAZARA,2025-09-26,bonus,0.5,2.0
NBCC,2016-06-02,split,0.2,5.0
NBCC,2017-02-17,bonus,0.6666666666666666,1.5
NBCC,2018-04-25,split,0.5,2.0
NBCC,2024-10-07,bonus,0.6666666666666666,1.5
NBIFIN,2017-12-07,split,0.5,2.0
NBVENTURES,2016-09-01,bonus,0.5,2.0
NDL,2022-03-24,bonus,0.3333333333333333,3.0
NDL,2024-09-19,split,0.1,10.0
NDRAUTO,2023-07-24,bonus,0.5,2.0
NDRAUTO,2024-09-25,bonus,0.5,2.0
NELCAST,2011-09-06,split,0.2,5.0
NESCO,2010-07-20,bonus,0.5,2.0
NESCO,2017-09-15,split,0.2,5.0
NESTLEIND,2024-01-05,split,0.1,10.0
NESTLEIND,2025-08-08,bonus,0.5,2.0
NEWGEN,2024-01-12,bonus,0.5,2.0
NIACL,2018-06-27,bonus,0.5,2.0
NIFTYBEES,2019-12-19,split,0.1,10.0
NINSYS,2023-08-03,bonus,0.5555555555555556,1.7999999999999998
NIPPOBATRY,2021-10-28,split,0.5,2.0
NISSAN,2010-09-27,split,0.1,10.0
NITINFIRE,2010-11-04,split,0.2,5.0
NITINFIRE,2011-09-22,bonus,0.2857142857142857,3.5
NITINFIRE,2014-11-13,bonus,0.75,1.3333333333333333
NMDC,2024-12-27,bonus,0.3333333333333333,3.0
NRBBEARING,2010-09-03,bonus,0.5,2.0
NRL,2024-03-20,bonus,0.6666666666666666,1.5
NTPC,2015-03-20,bonus,1.0,1.0
NTPC,2019-03-19,bonus,0.8333333333333334,1.2
NUVAMA,2025-12-26,split,0.2,5.0
NYKAA,2022-11-10,bonus,0.16666666666666666,6.0
OIL,2012-03-29,bonus,0.4,2.5
OIL,2017-01-12,bonus,0.75,1.3333333333333333
OIL,2018-03-27,bonus,0.6666666666666666,1.5
OIL,2024-07-02,bonus,0.6666666666666666,1.5
OMAXE,2013-11-11,bonus,0.7959183673469388,1.2564102564102564
ONEPOINT,2022-01-18,split,0.2,5.0
ONEPOINT,2022-01-18,bonus,0.6666666666666666,1.5
ONGC,2011-02-08,split,0.5,2.0
ONGC,2016-12-15,bonus,0.6666666666666666,1.5
ONMOBILE,2011-05-03,bonus,0.5,2.0
OPTOCIRCUI,2012-03-29,bonus,0.7692307692307693,1.2999999999999998
ORBITCORP,2010-06-29,bonus,0.5,2.0
ORBTEXP,2017-02-14,bonus,0.5,2.0
ORIENTABRA,2011-11-11,split,0.3333333333333333,3.0
ORIENTHOT,2010-11-10,split,0.1,10.0
ORIENTTECH,2026-01-05,bonus,0.9090909090909091,1.1
ORISSAMINE,2012-10-29,split,0.1,10.0
OSIAHYPER,2023-03-13,split,0.1,10.0
OSWALSEEDS,2023-08-18,split,0.2,5.0
OSWALSEEDS,2024-02-02,bonus,0.8333333333333334,1.2
PAISALO,2022-06-30,split,0.1,10.0
PAISALO,2024-03-20,bonus,0.5,2.0
PANAMAPET,2014-09-19,split,0.2,5.0
PANAMAPET,2017-10-03,bonus,0.6666666666666666,1.5
PANORAMUNI,2010-06-21,bonus,0.16666666666666666,6.0
PARAS,2025-07-04,split,0.5,2.0
PARSVNATH,2010-10-18,split,0.5,2.0
PASHUPATI,2026-04-17,split,0.1,10.0
PATANJALI,2025-09-11,bonus,0.3333333333333333,3.0
PAVNAIND,2025-09-01,split,0.1,10.0
PCBL,2022-04-11,split,0.5,2.0
PCJEWELLER,2017-07-06,bonus,0.5,2.0
PCJEWELLER,2024-12-16,split,0.1,10.0
PDPL,2010-09-13,bonus,0.75,1.3333333333333333
PDSL,2022-08-26,split,0.2,5.0
PERSISTENT,2015-03-10,bonus,0.5,2.0
PERSISTENT,2024-03-28,split,0.5,2.0
PETRONET,2017-07-03,bonus,0.5,2.0
PFC,2016-08-26,bonus,0.5,2.0
PFC,2023-09-21,bonus,0.8,1.25
PFOCUS,2010-10-29,split,0.1,10.0
PGEL,2024-07-10,split,0.1,10.0
PGIL,2024-01-05,split,0.5,2.0
PGIL,2026-09-11,bonus,0.5,2.0
PHILIPCARB,2018-04-19,split,0.2,5.0
PHOENIXLTD,2024-09-20,bonus,0.5,2.0
PIDILITIND,2010-03-15,bonus,0.5,2.0
PIDILITIND,2025-09-23,bonus,0.5,2.0
PIIND,2011-08-17,split,0.5,2.0
PIIND,2013-04-12,split,0.2,5.0
PILANIINVS,2020-12-31,bonus,0.7142857142857143,1.4
PILITA,2016-08-24,split,0.25,4.0
PINCON,2016-06-23,bonus,0.5,2.0
PITTILAM,2015-04-16,split,0.5,2.0
PLASTIBLEN,2012-02-29,split,0.5,2.0
PLASTIBLEN,2017-07-03,bonus,0.5,2.0
PNB,2014-12-18,split,0.2,5.0
PNBGILTS,2013-07-03,bonus,0.75,1.3333333333333333
PNCINFRA,2016-08-12,split,0.2,5.0
POCL,2024-10-16,split,0.5,2.0
POCL,2026-07-21,split,0.4,2.5
POKARNA,2017-10-18,split,0.2,5.0
POLYMED,2013-07-09,bonus,0.5,2.0
POLYMED,2015-02-02,split,0.5,2.0
POLYMED,2017-03-24,bonus,0.5,2.0
POLYPLEX,2010-12-23,bonus,0.5,2.0
POWERGRID,2021-07-29,bonus,0.75,1.3333333333333333
POWERGRID,2023-09-12,bonus,0.75,1.3333333333333333
POWERMECH,2024-10-08,bonus,0.5,2.0
PRADIP,2013-02-12,bonus,0.8333333333333334,1.2
PRAKASHCON,2012-12-13,split,0.1,10.0
PRAKASHSTL,2016-03-03,split,0.1,10.0
PRATIBHA,2010-07-30,split,0.2,5.0
PRECOT,2013-10-03,bonus,0.6666666666666666,1.5
PRECWIRE,2016-03-21,split,0.5,2.0
PRECWIRE,2021-12-22,split,0.2,5.0
PRECWIRE,2022-12-22,bonus,0.6666666666666666,1.5
PREMEXPLN,2024-06-21,split,0.2,5.0
PREMIERPOL,2024-11-05,split,0.2,5.0
PSUBNKBEES,2019-12-19,split,0.1,10.0
PTL,2021-12-23,split,0.5,2.0
QGOLDHALF,2021-12-16,split,0.02,50.0
QNIFTY,2026-02-13,split,0.1,10.0
RADHIKAJWE,2023-05-26,split,0.2,5.0
RADIOCITY,2019-02-20,split,0.2,5.0
RADIOCITY,2020-03-12,bonus,0.8,1.25
RADIOCITY,2023-01-13,bonus,1.0,1.0
RAINBOWPAP,2010-08-11,split,0.2,5.0
RAINCOM,2011-06-15,split,0.2,5.0
RAIREKMOH,2014-02-06,bonus,0.3333333333333333,3.0
RAIREKMOH,2015-03-16,bonus,0.8571428571428571,1.1666666666666667
RAJMET,2021-09-02,bonus,0.6666666666666666,1.5
RAJMET,2022-09-15,bonus,0.6666666666666666,1.5
RAJMET,2022-11-30,split,0.1,10.0
RAJPALAYAM,2011-07-13,bonus,0.5,2.0
RAJRATAN,2022-03-15,split,0.2,5.0
RAJRAYON,2013-03-04,split,0.1,10.0
RAJTV,2014-03-25,split,0.5,2.0
RALLIS,2010-06-08,bonus,0.6666666666666666,1.5
RALLIS,2011-07-15,split,0.1,10.0
RAMAPHO,2025-02-07,split,0.5,2.0
RAMASTEEL,2016-03-14,split,0.5,2.0
RAMASTEEL,2022-08-25,split,0.2,5.0
RAMASTEEL,2023-01-06,bonus,0.2,5.0
RAMASTEEL,2024-03-19,bonus,0.3333333333333333,3.0
RAMRAT,2022-09-28,bonus,0.5,2.0
RAMRAT,2025-12-26,bonus,0.5,2.0
RASOYPR,2013-03-21,split,0.2,5.0
RATNAMANI,2022-06-30,bonus,0.6666666666666666,1.5
RECLTD,2016-09-28,bonus,0.5,2.0
RECLTD,2022-08-17,bonus,0.75,1.3333333333333333
REDINGTON,2010-08-20,split,0.2,5.0
REDINGTON,2021-08-18,bonus,0.5,2.0
REDTAPE,2025-02-04,bonus,0.25,4.0
REFEX,2024-03-22,split,0.2,5.0
RELAXO,2013-11-22,split,0.2,5.0
RELAXO,2015-07-01,bonus,0.5,2.0
RELAXO,2019-06-26,bonus,0.5,2.0
RELIANCE,2017-09-07,bonus,0.5,2.0
RELIANCE,2024-10-28,bonus,0.5,2.0
REMSONSIND,2024-07-05,split,0.2,5.0
RENUKA,2010-03-15,bonus,0.5,2.0
RESURGERE,2010-09-15,split,0.1,10.0
RGL,2022-07-19,split,0.2,5.0
RITES,2019-08-08,bonus,0.8,1.25
RITES,2024-09-20,bonus,0.5,2.0
RKFORGE,2022-03-14,split,0.2,5.0
RMDRIP,2025-09-26,split,0.1,10.0
RMDRIP,2026-04-10,bonus,0.5833333333333334,1.7142857142857142
RNBDENIMS,2026-04-02,split,0.5,2.0
RNBDENIMS,2026-04-02,bonus,0.6666666666666666,1.5
ROLEXRINGS,2025-10-17,split,0.1,10.0
ROTO,2023-07-07,bonus,0.5,2.0
ROTO,2024-11-08,split,0.5,2.0
ROTO,2025-07-11,bonus,0.3333333333333333,3.0
RPEL,2024-11-29,bonus,0.5,2.0
RPPL,2024-02-26,bonus,0.3333333333333333,3.0
RPPL,2024-09-17,split,0.5,2.0
RSSOFTWARE,2010-06-21,bonus,0.78125,1.28
RSSOFTWARE,2015-01-21,split,0.5,2.0
RSYSTEMS,2014-02-26,split,0.1,10.0
RUBYMILLS,2012-11-22,split,0.5,2.0
RUBYMILLS,2015-10-21,bonus,0.5,2.0
RUBYMILLS,2022-09-23,bonus,0.5,2.0
RUCHIRA,2022-10-10,bonus,0.9090909090909091,1.1
RUSHIL,2024-08-09,split,0.1,10.0
SADBHAV,2010-12-07,split,0.1,10.0
SADHNANIQ,2023-07-05,bonus,0.8181818181818182,1.222222222222222
SAFARI,2023-12-12,bonus,0.5,2.0
SAGARDEEP,2020-10-05,bonus,0.6666666666666666,1.5
SAGCEM,2021-08-17,split,0.2,5.0
SAHPETRO,2013-07-09,bonus,0.4523809523809524,2.2105263157894735
SAKSOFT,2022-09-23,split,0.1,10.0
SAKSOFT,2024-09-19,bonus,0.8,1.25
SAKUMA,2018-11-12,split,0.1,10.0
SAKUMA,2024-08-09,bonus,0.2,5.0
SALASAR,2021-07-13,bonus,0.5,2.0
SALASAR,2022-06-27,split,0.1,10.0
SALASAR,2024-02-01,bonus,0.2,5.0
SANDUMA,2024-02-02,bonus,0.16666666666666666,6.0
SANDUMA,2025-09-22,bonus,0.3333333333333333,3.0
SANGHVIMOV,2024-09-27,split,0.5,2.0
SANWARIA,2011-04-07,bonus,0.5,2.0
SANWARIA,2017-07-03,bonus,0.5,2.0
SAPPHIRE,2024-09-05,split,0.2,5.0
SARDAEN,2023-08-04,split,0.1,10.0
SAREGAMA,2022-04-26,split,0.1,10.0
SARLAPOLY,2015-10-29,split,0.1,10.0
SARVESHWAR,2023-09-15,split,0.1,10.0
SARVESHWAR,2023-09-15,bonus,0.3333333333333333,3.0
SATIA,2019-10-15,split,0.1,10.0
SAVERA,2010-10-25,bonus,0.5,2.0
SBC,2022-02-22,bonus,0.5,2.0
SBC,2022-02-22,split,0.1,10.0
SBC,2024-01-19,bonus,0.6666666666666666,1.5
SBC,2025-03-10,bonus,0.6666666666666666,1.5
SBCL,2022-10-12,bonus,0.6666666666666666,1.5
SBGLP,2024-04-18,split,0.1,10.0
SBIN,2014-11-20,split,0.1,10.0
SCHAEFFLER,2022-02-08,split,0.2,5.0
SDBL,2020-10-15,split,0.5,2.0
SDBL,2024-05-24,split,0.4,2.5
SECURCRED,2023-01-04,bonus,0.25,4.0
SEINVEST,2010-04-05,split,0.2,5.0
SEINVEST,2010-05-18,bonus,0.25,4.0
SEINVEST,2010-10-29,split,0.5,2.0
SELAN,2010-12-31,bonus,0.9090909090909091,1.1
SENCO,2025-01-31,split,0.5,2.0
SERVOTECH,2023-02-03,split,0.2,5.0
SERVOTECH,2023-07-28,split,0.5,2.0
SESHAPAPER,2019-08-19,split,0.2,5.0
SEZALGLASS,2010-10-21,split,0.1,10.0
SFL,2022-12-21,bonus,0.5,2.0
SHAILY,2023-11-23,split,0.2,5.0
SHAKTIPUMP,2024-11-25,bonus,0.16666666666666666,6.0
SHALPAINTS,2012-11-22,split,0.2,5.0
SHARDAMOTR,2021-04-16,split,0.2,5.0
SHARDAMOTR,2025-07-04,bonus,0.5,2.0
SHAREINDIA,2024-06-27,split,0.2,5.0
SHARONBIO,2014-02-20,split,1.0,1.0
SHILPAMED,2013-07-16,bonus,0.6666666666666666,1.5
SHILPAMED,2015-11-06,split,0.5,2.0
SHILPAMED,2025-10-03,bonus,0.5,2.0
SHILPI,2014-09-16,bonus,0.5,2.0
SHIVAMAUTO,2014-10-30,split,0.2,5.0
SHIVAMAUTO,2015-10-08,bonus,0.5,2.0
SHOPERSTOP,2011-01-12,split,0.5,2.0
SHRADHA,2023-01-20,split,0.5,2.0
SHRADHA,2024-12-10,split,0.4,2.5
SHREEASHTA,2010-02-01,bonus,0.2,5.0
SHRENIK,2020-10-08,split,0.5,2.0
SHRENIK,2020-10-08,bonus,0.3333333333333333,3.0
SHRENUJ,2014-07-15,bonus,0.5,2.0
SHRIPISTON,2023-07-24,bonus,0.5,2.0
SHRIRAMFIN,2025-01-10,split,0.2,5.0
SIGACHI,2023-10-09,split,0.1,10.0
SIGMA,2025-10-06,split,0.1,10.0
SIGNET,2015-08-17,split,0.1,10.0
SIKKO,2022-10-28,bonus,0.6666666666666666,1.5
SIKKO,2025-11-27,split,0.1,10.0
SIKKO,2025-12-08,bonus,0.5,2.0
SILVERTUC,2026-03-06,split,0.2,5.0
SILVERTUC,2026-03-06,bonus,0.5,2.0
SINTEX,2010-10-27,split,0.5,2.0
SIRCA,2023-05-11,bonus,0.5,2.0
SIS,2020-01-15,split,0.5,2.0
SIYSIL,2017-10-25,split,0.2,5.0
SIYSIL,2026-08-21,bonus,1.0,1.0
SIYSIL,2026-08-21,bonus,1.0,1.0
SKMEGGPROD,2026-01-12,split,0.5,2.0
SKYGOLD,2024-12-16,bonus,0.1,10.0
SMCGLOBAL,2025-11-14,bonus,0.5,2.0
SMSPHARMA,2015-12-17,split,0.1,10.0
SOLARINDS,2016-07-13,split,0.2,5.0
SOMANYCERA,2010-11-11,split,0.2,5.0
SONAMCLOCK,2022-07-14,bonus,0.5,2.0
SONAMLTD,2024-05-10,split,0.5,2.0
SONATSOFTW,2022-09-08,bonus,0.75,1.3333333333333333
SONATSOFTW,2023-12-12,bonus,0.5,2.0
SOTL,2022-09-01,split,0.2,5.0
SOUISPAT,2014-09-22,split,0.1,10.0
SOUTHBANK,2010-09-23,split,0.1,10.0
SPLPETRO,2023-01-06,split,0.5,2.0
SPORTKING,2024-09-13,split,0.1,10.0
SPYL,2013-04-10,split,0.1,10.0
SREINFRA,2011-02-10,bonus,0.5555555555555556,1.7999999999999998
SRF,2021-10-13,bonus,0.2,5.0
SRPL,2023-05-19,split,0.1,10.0
SRSLTD,2015-06-25,bonus,0.5,2.0
SSWL,2021-11-18,split,0.5,2.0
SSWL,2022-11-10,split,0.2,5.0
STAMPEDE,2017-01-10,bonus,0.8,1.25
STEELCAS,2025-08-29,split,0.2,5.0
STEELXIND,2022-07-12,split,0.1,10.0
STER,2010-06-21,split,0.5,2.0
STERTOOLS,2017-01-09,split,0.2,5.0
STRTECH,2010-03-09,split,0.4,2.5
SUDARSCHEM,2014-09-30,split,0.2,5.0
SUJANATOW,2011-01-10,split,0.2,5.0
SUKHJITS,2024-10-25,split,0.5,2.0
SUMEETINDS,2018-08-02,bonus,0.8,1.25
SUMEETINDS,2025-10-03,split,0.2,5.0
SUNCLAYLTD,2023-03-24,bonus,1.0,1.0
SUNDARAM,2012-04-13,bonus,0.3333333333333333,3.0
SUNDARMFIN,2012-12-13,bonus,0.5,2.0
SUNILHITEC,2016-12-01,split,0.1,10.0
SUNPHARMA,2010-11-25,split,0.2,5.0
SUNPHARMA,2013-07-29,bonus,0.5,2.0
SUNTECK,2017-07-25,split,0.5,2.0
SUPRAJIT,2010-03-18,split,0.2,5.0
SUPREMEENG,2022-03-03,split,0.1,10.0
SUPREMEIND,2010-10-18,split,0.2,5.0
SURANASOL,2014-11-25,split,0.5,2.0
SURANAT&P,2014-11-25,split,0.2,5.0
SURYAPHARM,2010-12-23,split,0.1,10.0
SURYAROSNI,2023-10-06,split,0.5,2.0
SURYAROSNI,2025-01-01,bonus,0.5,2.0
SUTLEJTEX,2013-06-27,bonus,0.6666666666666666,1.5
SUTLEJTEX,2017-09-26,split,0.1,10.0
SUULD,2022-03-30,bonus,0.5,2.0
SUVENPHAR,2020-09-25,bonus,0.5,2.0
SWANENERGY,2014-02-03,split,0.5,2.0
SWELECTES,2019-08-22,bonus,0.6666666666666666,1.5
SYMPHONY,2012-02-15,split,0.2,5.0
SYMPHONY,2016-09-14,bonus,0.5,2.0
SYNGENE,2019-06-11,bonus,0.5,2.0
TAALTECH,2026-09-22,split,0.2,5.0
TALBROAUTO,2023-10-27,split,0.2,5.0
TARACHAND,2024-12-05,split,0.2,5.0
TARIL,2025-02-14,bonus,0.5,2.0
TATACOFFEE,2015-01-23,split,0.1,10.0
TATAELXSI,2017-09-18,bonus,0.5,2.0
TATAINVEST,2025-10-14,split,0.1,10.0
TATAMOTORS,2011-09-12,split,0.2,5.0
TATAMTRDVR,2011-09-12,split,0.2,5.0
TATAPOWER,2011-09-26,split,0.1,10.0
TATASTEEL,2022-07-28,split,0.1,10.0
TATATEA,2010-06-30,split,0.1,10.0
TCC,2026-09-04,split,0.2,5.0
TCS,2018-05-31,bonus,0.5,2.0
TDPOWERSYS,2022-10-31,split,0.2,5.0
TDPOWERSYS,2026-08-24,split,0.5,2.0
TECHM,2015-03-19,split,0.5,2.0
TECHNO,2016-09-06,bonus,0.5,2.0
TEMBO,2026-08-05,split,0.1,10.0
TEXMACOLTD,2010-11-01,split,0.4,2.5
TFCILTD,2025-09-19,split,0.2,5.0
THANGAMAYL,2023-07-17,bonus,0.5,2.0
THEBYKE,2014-10-09,bonus,0.5,2.0
THEMISMED,2011-06-22,split,0.1,10.0
THEMISMED,2023-10-10,split,0.1,10.0
THYROCARE,2025-11-28,bonus,0.3333333333333333,3.0
TI,2010-09-28,bonus,0.3333333333333333,3.0
TIDEWATER,2016-03-16,split,0.5,2.0
TIDEWATER,2021-07-26,bonus,0.5,2.0
TIDEWATER,2021-07-26,split,0.4,2.5
TIMETECHNO,2025-09-23,bonus,0.5,2.0
TIPSINDLTD,2023-04-21,split,0.1,10.0
TIRUMALCHM,2018-08-14,split,0.1,10.0
TIRUPATIFL,2021-10-07,split,0.2,5.0
TIRUPATIFL,2021-10-07,bonus,0.5714285714285714,1.75
TITAN,2011-06-23,split,0.1,10.0
TORNTPHARM,2013-07-23,bonus,0.5,2.0
TORNTPHARM,2022-07-08,bonus,0.5,2.0
TPHQ,2023-12-14,split,0.1,10.0
TPLPLASTEH,2021-09-16,bonus,0.5,2.0
TPLPLASTEH,2022-10-19,split,0.2,5.0
TRENT,2016-09-12,split,0.1,10.0
TRENT,2026-06-04,bonus,0.6666666666666666,1.5
TRIDENT,2019-12-13,split,0.1,10.0
TRIL,2013-06-13,bonus,0.9,1.1111111111111112
TRIL,2017-09-28,split,0.1,10.0
TTKPRESTIG,2019-05-15,bonus,0.8333333333333334,1.2
TTKPRESTIG,2021-12-14,split,0.1,10.0
TTL,2025-02-12,split,0.1,10.0
TTML,2013-08-07,bonus,0.8823529411764706,1.1333333333333333
TULIP,2010-07-06,split,0.2,5.0
TULSI,2011-01-07,bonus,0.9090909090909091,1.1
TVSHLTD,2026-09-08,bonus,1.0,1.0
TVSMOTOR,2010-09-08,bonus,0.5,2.0
TVSMOTOR,2025-08-25,bonus,1.0,1.0
TWL,2015-04-23,split,0.2,5.0
UEL,2024-09-20,bonus,0.8,1.25
UEL,2025-05-30,bonus,0.5952380952380952,1.68
UEL,2025-10-10,bonus,0.3333333333333333,3.0
UNICHEMLAB,2010-10-21,split,0.4,2.5
UNIPLY,2018-06-25,split,0.2,5.0
UNITEDPOLY,2025-05-02,split,0.1,10.0
UNITY,2010-04-07,split,0.2,5.0
UNIVASTU,2025-10-13,bonus,0.3333333333333333,3.0
UPL,2019-07-02,bonus,0.6666666666666666,1.5
V2RETAIL,2026-03-25,split,0.1,10.0
VAIBHAVGBL,2021-05-07,split,0.2,5.0
VAISHALI,2024-10-15,split,0.2,5.0
VAISHALI,2024-10-15,bonus,0.5,2.0
VAKRANGEE,2017-12-21,bonus,0.5,2.0
VAKRANSOFT,2012-04-12,split,0.1,10.0
VALIANTORG,2020-12-24,bonus,0.5,2.0
VARDMNPOLY,2024-05-17,split,0.1,10.0
VBL,2019-07-25,bonus,0.6666666666666666,1.5
VBL,2021-06-10,bonus,0.6666666666666666,1.5
VBL,2022-06-06,bonus,0.6666666666666666,1.5
VBL,2023-06-15,split,0.5,2.0
VBL,2024-09-12,split,0.4,2.5
VCL,2023-02-15,split,0.5,2.0
VENKEYS,2015-12-21,bonus,0.6666666666666666,1.5
VERTOZ,2024-07-05,split,0.1,10.0
VERTOZ,2024-07-05,bonus,0.5,2.0
VESUVIUS,2025-06-10,split,0.1,10.0
VGL,2026-03-02,split,0.5,2.0
VGUARD,2016-08-30,split,0.1,10.0
VGUARD,2017-03-15,bonus,0.7142857142857143,1.4
VIJIFIN,2016-10-25,split,0.1,10.0
VIJIFIN,2017-08-04,bonus,0.9090909090909091,1.1
VIKASGLOB,2014-03-27,split,0.1,10.0
VIKASGLOB,2014-11-13,bonus,0.4,2.5
VIMTALABS,2025-06-13,bonus,0.5,2.0
VINATIORGA,2020-02-05,split,0.5,2.0
VINNY,2023-02-24,split,0.1,10.0
VINNY,2023-02-24,bonus,0.43478260869565216,2.3000000000000003
VIPIND,2011-10-31,split,0.2,5.0
VIPUL,2010-05-04,split,0.5,2.0
VISAKAIND,2023-05-15,split,0.2,5.0
VISESHINFO,2013-01-03,split,0.1,10.0
VISESHINFO,2013-03-07,bonus,0.9090909090909091,1.1
VISHAL,2020-12-16,bonus,0.6666666666666666,1.5
VISHAL,2022-03-10,bonus,0.3333333333333333,3.0
VISHNU,2023-01-13,split,0.2,5.0
VISHWARAJ,2021-10-21,split,0.2,5.0
VIVIDHA,2015-05-28,bonus,0.09090909090909091,11.0
VIVIDHA,2016-03-30,bonus,0.75,1.3333333333333333
VIVIMEDLAB,2016-04-06,split,0.2,5.0
VKSPL,2013-02-27,split,0.1,10.0
VKSPL,2013-05-03,bonus,0.2857142857142857,3.5
VMART,2025-06-23,bonus,0.25,4.0
VRLLOG,2025-08-14,bonus,0.5,2.0
VSSL,2023-05-26,bonus,0.5,2.0
VSTIND,2024-09-06,bonus,0.09090909090909091,11.0
VTL,2022-03-24,split,0.2,5.0
VTMLTD,2012-08-16,split,0.1,10.0
WABAG,2011-08-16,split,0.4,2.5
WABAG,2015-03-26,bonus,0.5,2.0
WEBELSOLAR,2025-11-14,split,0.1,10.0
WEL,2024-11-12,split,0.1,10.0
WELSPUNIND,2016-03-21,split,0.1,10.0
WHEELS,2018-08-08,bonus,0.5,2.0
WINSOMYARN,2010-01-21,split,0.1,10.0
WIPRO,2010-06-15,bonus,0.6,1.6666666666666667
WIPRO,2017-06-13,bonus,0.5,2.0
WIPRO,2019-03-06,bonus,0.75,1.3333333333333333
WIPRO,2024-12-03,bonus,0.5,2.0
XPROINDIA,2022-07-01,bonus,0.6666666666666666,1.5
YESBANK,2017-09-21,split,0.2,5.0
ZEEL,2010-11-11,bonus,0.5,2.0
ZEEL,2014-03-03,bonus,1.0,1.0
ZENITHBIR,2010-08-11,bonus,0.8333333333333334,1.2
ZENSARTECH,2010-07-21,bonus,0.5,2.0
ZENSARTECH,2018-09-07,split,0.2,5.0
ZFCVINDIA,2026-06-24,bonus,0.16666666666666666,6.0
ZIMLAB,2022-12-22,bonus,0.3333333333333333,3.0
ZODIACLOTH,2010-08-23,bonus,0.6666666666666666,1.5
ZODIACLOTH,2011-09-27,bonus,0.6666666666666666,1.5
ZYDUSWELL,2025-09-18,split,0.2,5.0
ZYLOG,2012-06-29,split,0.5,2.0
