date,production_rank,symbol,isin,close,adj_close,target_2x,p100_cal,p_cal,p_dd30_cal,p_dd30,model_dispersion,production_selection_score,avg_turnover_63,capacity_1pct_adv_inr,capacity_2_5pct_adv_inr,capacity_5pct_adv_inr,production_model,production_selector,production_share_p100,production_share_p50,production_share_p25
2026-10-07,1,OCCLLTD,INE0PK601023,217.3,217.3,434.6,0.121205126934949,0.121205126934949,0.1520204003780648,0.1520204003780648,0.2936892145374487,0.923,15688221.812698413,156882.21812698414,392205.5453174603,784411.0906349206,V10.2 integrity-corrected V9.4.1,N100_drop0.50_s0.20_c0.05,1.0,0.0,0.0
2026-10-07,2,E2E,INE255Z01027,723.3,723.3,1446.6,0.1050271627791346,0.1050271627791346,0.1486970494878677,0.1486970494878677,0.2897960566515094,0.8720000000000001,698529665.6412699,6985296.656412699,17463241.64103175,34926483.2820635,V10.2 integrity-corrected V9.4.1,N100_drop0.50_s0.20_c0.05,1.0,0.0,0.0
2026-10-07,3,AAREYDRUGS,INE198H01019,108.81,108.81,217.62,0.1001678108788437,0.1001678108788437,0.1261610990481856,0.1261610990481856,0.2600761347209394,0.8600000000000001,15298997.401904764,152989.97401904763,382474.9350476191,764949.8700952382,V10.2 integrity-corrected V9.4.1,N100_drop0.50_s0.20_c0.05,1.0,0.0,0.0
2026-10-07,4,MOLDTECH,INE835B01035,220.99,220.99,441.98,0.1050429522801755,0.1050429522801755,0.1649159514871041,0.1649159514871041,0.2800830607768213,0.856,29368505.29238095,293685.0529238095,734212.6323095239,1468425.2646190478,V10.2 integrity-corrected V9.4.1,N100_drop0.50_s0.20_c0.05,1.0,0.0,0.0
2026-10-07,5,UNITEDPOLY,INE368U01029,48.1,48.1,96.2,0.1022684847528141,0.1022684847528141,0.1570360847784725,0.1570360847784725,0.2566808846488593,0.8500000000000001,8859640.169206351,88596.40169206352,221491.00423015878,442982.00846031756,V10.2 integrity-corrected V9.4.1,N100_drop0.50_s0.20_c0.05,1.0,0.0,0.0
2026-10-07,6,VALIANTLAB,INE0JWS01017,123.21,123.21,246.42,0.1089466265612511,0.1089466265612511,0.1827676289117865,0.1827676289117865,0.2711741077095683,0.826,11883610.31079365,118836.10310793649,297090.25776984124,594180.5155396825,V10.2 integrity-corrected V9.4.1,N100_drop0.50_s0.20_c0.05,1.0,0.0,0.0
2026-10-07,7,GLOBAL,INE291W01037,144.79,144.79,289.58,0.0924153769238756,0.0924153769238756,0.1549141270322182,0.1549141270322182,0.2538502166489034,0.7800000000000001,17966247.697619047,179662.47697619046,449156.1924404762,898312.3848809524,V10.2 integrity-corrected V9.4.1,N100_drop0.50_s0.20_c0.05,1.0,0.0,0.0
2026-10-07,8,STLNETWORK,INE1VXE01018,49.43,49.43,98.86,0.1060062919306866,0.1060062919306866,0.1986274395347151,0.1986274395347151,0.2709194694827213,0.76,177003486.37126982,1770034.8637126982,4425087.159281746,8850174.318563491,V10.2 integrity-corrected V9.4.1,N100_drop0.50_s0.20_c0.05,1.0,0.0,0.0
2026-10-07,9,SHREEJISPG,INE1B6101010,802.1,802.1,1604.2,0.091047219670396,0.091047219670396,0.1107156455426403,0.1107156455426403,0.2635237617813032,0.751,702411379.3714286,7024113.793714286,17560284.484285716,35120568.96857143,V10.2 integrity-corrected V9.4.1,N100_drop0.50_s0.20_c0.05,1.0,0.0,0.0
2026-10-07,10,PANACHE,INE895W01019,597.45,597.45,1194.9,0.097354493482071,0.097354493482071,0.1818485235391291,0.1818485235391291,0.2715528293184518,0.747,5560198.281746032,55601.98281746032,139004.9570436508,278009.9140873016,V10.2 integrity-corrected V9.4.1,N100_drop0.50_s0.20_c0.05,1.0,0.0,0.0
