date,rows,risk_missing,raw_available,join_missing,coverage
2009-06-30,492,492,492,0,0.0
2009-12-31,666,666,666,0,0.0
2010-06-30,508,508,508,0,0.0
2010-12-31,549,549,549,0,0.0
2011-06-30,523,523,523,0,0.0
2011-12-30,442,442,442,0,0.0
2012-06-29,478,478,478,0,0.0
2012-12-31,590,590,590,0,0.0
2013-06-28,432,1,432,0,0.9976851851851852
2013-12-31,485,0,485,0,1.0
2014-06-30,691,1,691,0,0.9985528219971056
2014-12-31,724,1,724,0,0.9986187845303868
2015-06-30,656,1,656,0,0.9984756097560976
2015-12-31,784,2,784,0,0.9974489795918368
2016-06-30,770,1,770,0,0.9987012987012988
2016-12-30,873,2,873,0,0.997709049255441
2017-06-30,951,1,951,0,0.9989484752891693
2017-12-29,1025,1,1025,0,0.9990243902439024
2018-06-29,860,7,860,0,0.9918604651162791
2018-12-31,749,3,749,0,0.9959946595460614
2019-06-28,716,10,716,0,0.9860335195530726
2019-12-31,663,4,663,0,0.9939668174962293
2020-06-30,705,7,705,0,0.9900709219858156
2020-12-31,863,3,863,0,0.996523754345307
2021-06-30,1046,3,1046,0,0.997131931166348
2021-12-31,1079,7,1079,0,0.9935125115848007
2022-06-30,1087,10,1087,0,0.9908003679852806
2022-12-30,1123,8,1123,0,0.9928762243989314
2023-06-30,1147,4,1147,0,0.9965126416739319
2023-12-29,1276,2,1276,0,0.9984326018808778
2024-06-28,1322,7,1322,0,0.9947049924357034
2024-12-31,1345,8,1345,0,0.9940520446096655
2025-06-30,1298,6,1298,0,0.9953775038520801
2025-12-31,1314,4,1314,0,0.9969558599695586
