date,train_rows,candidate_pool,hybrid_precision_100,hybrid_lift_100,hybrid_dd30_rate,control_precision_100,control_lift_100,control_dd30_rate,hybrid_priced_in_penalty,control_priced_in_penalty
2012-06-29,2900,118,0.1,3.18,0.1,0.0,0.0,0.1,0.06508203659971164,0.0
2012-12-31,3377,146,0.0,0.0,0.7,0.0,0.0,0.7,0.054451616509658504,0.025355808030681715
2013-06-28,3967,109,0.0,0.0,0.2,0.1,5.3875,0.4,0.0,0.004350214658029825
2013-12-31,4398,51,0.1,0.7238805970149254,0.2,0.4,2.8955223880597014,0.0,0.13181035458122084,0.11868712702333081
2014-06-30,4883,94,0.0,0.0,0.2,0.0,0.0,0.7,0.28469423691900986,0.3469024587610912
2014-12-31,5573,129,0.1,3.1434782608695655,0.3,0.1,3.1434782608695655,0.3,0.16920603796490835,0.5090766650302733
2015-06-30,6296,138,0.2,4.678571428571429,0.3,0.1,2.3392857142857144,0.4,0.13958147437416088,0.11793239308158254
2015-12-31,6951,170,0.0,0.0,0.9,0.2,26.066666666666666,0.8,0.13009613516267654,0.3009517918286024
2016-06-30,7733,148,0.2,6.990909090909091,0.1,0.1,3.4954545454545456,0.3,0.07717935588156381,0.16447643304920898
2016-12-30,8502,176,0.2,3.0034482758620693,0.4,0.3,4.505172413793104,0.3,0.047674816416202546,0.2952897091838518
2017-06-30,9373,197,0.1,1.3768115942028987,0.0,0.2,2.7536231884057973,0.0,0.2648390182391792,0.21410476446958498
2017-12-29,9944,198,0.0,0.0,0.9,0.0,0.0,0.8,0.1702007813106044,0.3580607495188912
2018-06-29,10469,162,0.0,0.0,0.5,0.1,12.185714285714285,0.3,0.04306752008854755,0.0773799140916678
2018-12-31,10814,133,0.0,,0.3,0.0,,0.6,0.1046358786419224,0.05050783670952582
2019-06-28,11011,118,0.0,0.0,0.2,0.0,0.0,0.6,0.05544875217635918,0.011567546278062233
2019-12-31,10752,124,0.1,10.983333333333334,0.6,0.0,0.0,1.0,0.0,0.010023651162430106
2020-06-30,10934,122,0.5,4.4743589743589745,0.0,0.2,1.7897435897435898,0.2,0.022936862244897965,0.0
2020-12-31,11632,170,0.1,0.7818181818181819,0.1,0.3,2.3454545454545452,0.1,0.32766982263806826,0.4349273144564358
2021-06-30,11471,200,0.0,0.0,0.6,0.2,3.0231884057971015,0.3,0.5098998500385563,0.8289393686486648
2021-12-31,12514,194,0.0,0.0,0.4,0.1,4.1230769230769235,0.4,0.382684527037984,0.4447047928527308
2022-06-30,13101,217,0.3,4.751470588235295,0.1,0.0,0.0,0.2,0.24399222331629233,0.19578194396462806
2022-12-30,13488,225,0.0,0.0,0.4,0.1,3.9821428571428577,0.3,0.20087110478903503,0.2006397446144043
2023-06-30,13880,232,0.1,1.0297297297297299,0.0,0.2,2.0594594594594597,0.0,0.04680526329644287,0.14223649027168608
2023-12-29,14368,248,0.3,5.096,0.2,0.3,5.096,0.1,0.34614769063627715,0.40699882572371876
2024-06-28,14860,249,0.0,0.0,0.0,0.0,0.0,0.2,0.28711234933594054,0.3593601292912776
2024-12-31,14535,265,0.0,0.0,0.9,0.0,0.0,0.8,0.11280340332539522,0.4047180728280194
2025-06-30,15872,266,0.0,0.0,0.1,0.2,19.876923076923077,0.3,0.03644635362535546,0.01765016858171011
2025-12-31,15190,268,0.1,3.2750000000000004,0.6,0.2,6.550000000000001,0.4,0.1268035382513377,0.2185398983043932
