date,regime_applied,config,prior_folds,effective_prior_folds,train_utility_gain,regime_breadth_120,regime_market_median_ret120,regime_median_volatility_60,regime_median_drawdown_126,regime_dispersion_ret120,regime_breadth_20
2017-06-30,False,V9.4.1_fallback,0,0.0,0.0,0.7668776371308017,0.19246004220378998,0.3615022230001298,-0.11248154811188416,0.44888260358697535,0.4873417721518987
2017-12-29,False,V9.4.1_fallback,1,0.0,0.0,0.7770204479065238,0.199697428139183,0.3935859461914792,-0.06102323764889672,0.4376159888253975,0.6952288218111002
2018-06-29,False,V9.4.1_fallback,2,0.0,0.0,0.1559953434225844,-0.2306855277475517,0.3643353473009207,-0.28650706588371944,0.24497390510447042,0.17229336437718276
2018-12-31,False,V9.4.1_fallback,3,0.0,0.0,0.37017310252996005,-0.06868296113944095,0.41448026794024506,-0.19942611190817794,0.26528823677559615,0.6085219707057257
2019-06-28,False,V9.4.1_fallback,4,0.0,0.0,0.3991655076495132,-0.04410058027079311,0.348759527277615,-0.14432989690721643,0.24249666819831978,0.22948539638386647
2019-12-31,False,V9.4.1_fallback,5,0.0,0.0,0.38781575037147104,-0.06680280046674458,0.3509094984080563,-0.12947448591012956,0.2606406189209119,0.5364041604754829
2020-06-30,False,V9.4.1_fallback,6,0.0,0.0,0.2276536312849162,-0.18582219986911214,0.5769213583014532,-0.2760327552084495,0.29066100036268444,0.8044692737430168
2020-12-31,False,V9.4.1_fallback,7,0.0,0.0,0.9109826589595376,0.3297442799461643,0.4268697124794989,-0.05377028316894694,0.7031117377754613,0.7884393063583816
2021-06-30,True,N75_drop0.50_s0.00_c0.15,8,7.352792822715752,0.09320284124176707,0.8789323164918971,0.35006234413965087,0.4887114030104707,-0.0677055346587856,0.5352320938609889,0.7368922783603432
2021-12-31,True,N100_drop0.30_s0.05_c0.15,9,8.694083908900412,0.07945166660516179,0.5492565055762082,0.04108387984320816,0.4475181214911742,-0.16481669185678222,0.7300931796737316,0.5929368029739777
2022-06-30,True,N75_drop0.50_s0.00_c0.15,10,9.346033190085409,0.09177777265264994,0.24195032198712052,-0.1676963812886143,0.46430931929700325,-0.28272450532724513,0.3969536633884206,0.1655933762649494
2022-12-30,True,N75_drop0.50_s0.00_c0.15,11,10.85124592068626,0.10028565310323485,0.7413640389725421,0.1405109489051095,0.38099695032465364,-0.13987473903966585,0.44079975333232824,0.312666076173605
2023-06-30,True,N75_drop0.50_s0.00_c0.15,12,11.669579066718086,0.09117870536248313,0.6430423509075195,0.08394758394758406,0.35467486109247043,-0.05578696816423678,0.33928618209756384,0.7588591184096802
2023-12-29,True,N75_drop0.50_s0.00_c0.15,13,12.467599083222021,0.0825966767756261,0.8482003129890454,0.2624872806688744,0.39660370623156294,-0.07463138717959655,0.47563013386021175,0.6784037558685446
2024-06-28,True,N100_drop0.50_s0.20_c0.05,14,13.739779609357504,0.06007489620472628,0.668429003021148,0.1127781519460439,0.442580123919781,-0.10605122078898266,0.4215478353429492,0.8361027190332326
2024-12-31,True,N100_drop0.40_s0.00_c0.15,15,14.768858010364927,0.06087970373072077,0.433457249070632,-0.04641207615185294,0.4167502656760723,-0.19391587381071607,0.3599200412356861,0.37100371747211897
2025-06-30,True,N100_drop0.40_s0.00_c0.15,16,15.578095995897742,0.055786399324592034,0.30952380952380953,-0.08379020947770005,0.41929680063843777,-0.12164266822138553,0.22319776108153108,0.6244239631336406
2025-12-31,True,N100_drop0.40_s0.00_c0.15,17,16.394624066863944,0.04564114374593589,0.31586940015186027,-0.08902532617037617,0.32186166369954555,-0.19143709422705735,0.33996954979864485,0.39787395596051633
