w_upside,w_safety,w_expected_return,w_consensus,objective,median_utility,mean_utility,utility_iqr,bad_fold_rate,folds,median_precision_2x,median_lift_2x,median_mean_ret_6m,median_dd30_rate
0.30000000000000004,0.5,0.2,0.0,-0.047754558748736395,0.12205970747304887,0.11451613442750061,0.35331548590839745,0.3076923076923077,26,0.0,0.0,0.12553238523779442,0.2
0.2,0.6000000000000001,0.2,0.0,-0.059123132221147026,0.09443812136954416,0.09923689738661085,0.3233618234459309,0.2692307692307692,26,0.0,0.0,0.08831172273511984,0.0
0.30000000000000004,0.4,0.2,0.1,-0.0633040275656528,0.11747194200299929,0.10688561927578735,0.3681511218445005,0.34615384615384615,26,0.0,0.0,0.07425201961498448,0.2
0.2,0.5,0.30000000000000004,0.0,-0.10033259439376024,0.0606403849564661,0.05053399423956588,0.27860411682482256,0.4230769230769231,26,0.0,0.0,0.09158079584079785,0.0
0.2,0.4,0.30000000000000004,0.1,-0.10348251440051807,0.06881488275613779,0.019860600808166522,0.2944760797882475,0.46153846153846156,26,0.0,0.0,0.052849948388767005,0.1
0.4,0.30000000000000004,0.2,0.1,-0.11295584262767107,0.03919792219593747,0.09133664796936428,0.2698898775180024,0.38461538461538464,26,0.05,0.7384615384615385,0.06796039893414657,0.4
0.4,0.4,0.2,0.0,-0.12123653161861238,0.0499222396752688,0.08989273798230991,0.32418989600449566,0.38461538461538464,26,0.0,0.0,0.07059929897087786,0.25
0.2,0.30000000000000004,0.30000000000000004,0.2,-0.12720297750595222,0.03214575694646381,0.02857401790385607,0.2574799006332765,0.46153846153846156,26,0.0,0.0,0.04594155530215953,0.15000000000000002
0.2,0.5,0.2,0.1,-0.13722856281886614,0.02180028982614091,0.07633393534674265,0.27304946909562455,0.4230769230769231,26,0.0,0.0,0.0836598531618002,0.1
0.2,0.4,0.2,0.2,-0.14154562585437702,0.04363560384531605,0.08447623131670842,0.331287029911211,0.46153846153846156,26,0.0,0.0,0.0529004371552169,0.1
0.2,0.30000000000000004,0.4,0.1,-0.14880173628728321,0.01046492801104438,-0.004978685912685442,0.25724541447873817,0.46153846153846156,26,0.0,0.0,0.03527426656935183,0.2
0.5,0.30000000000000004,0.2,0.0,-0.17450048724210493,0.03189691247829994,0.11329513567390188,0.40838817502533264,0.4230769230769231,26,0.1,1.4149253731343285,0.1406360915641694,0.4
0.30000000000000004,0.30000000000000004,0.2,0.2,-0.17516778164131414,0.020060040461643558,0.0424960223052338,0.3435080631513078,0.5,26,0.0,0.0,0.02312783403689648,0.2
0.2,0.30000000000000004,0.2,0.30000000000000004,-0.18362708471784334,0.0061566820290757576,0.0908775803832293,0.3444371357604282,0.46153846153846156,26,0.0,0.0,0.05699275336695467,0.1
0.30000000000000004,0.1,0.30000000000000004,0.30000000000000004,-0.19015465738718174,-0.0016710828345531878,-0.003085288159794106,0.32423878443608156,0.5,26,0.0,0.0,0.040215307947528645,0.3
1.0,0.0,0.0,0.0,-0.1925923585723756,0.05904295988371789,0.05938471586284787,0.5211558549294979,0.46153846153846156,26,0.1,2.2153846153846155,0.05472103504272376,0.35
0.2,0.2,0.30000000000000004,0.30000000000000004,-0.1976379683381545,-0.059340616993225376,0.006904862495766566,0.16436605878770963,0.5384615384615384,26,0.0,0.0,-0.005932993524638059,0.25
0.2,0.4,0.4,0.0,-0.1979103240589093,-0.03360076076033201,0.0034922168439394693,0.23868666436956149,0.5384615384615384,26,0.0,0.0,0.04426570954911854,0.1
0.30000000000000004,0.4,0.30000000000000004,0.0,-0.19870825646560789,-0.041867719639838846,-0.011407989816884625,0.21734658873296653,0.5384615384615384,26,0.0,0.0,0.047968809002536736,0.25
0.2,0.30000000000000004,0.5,0.0,-0.2027672773710071,-0.037888149111102255,-0.0027828918330318666,0.2073469598634644,0.6153846153846154,26,0.0,0.0,0.0491070735389452,0.3
0.6000000000000001,0.2,0.2,0.0,-0.20379761146668157,-0.013611312557383915,-0.003558403292984615,0.31262019468590546,0.5384615384615384,26,0.05,0.7384615384615385,0.030229741191899723,0.45
0.30000000000000004,0.2,0.2,0.30000000000000004,-0.20399907804915463,-0.0372394997271467,0.0043180311376417695,0.2292031908101326,0.5769230769230769,26,0.0,0.0,0.02868905126639215,0.2
0.30000000000000004,0.30000000000000004,0.30000000000000004,0.1,-0.2589202904549658,-0.075374317948612,-0.038173770331665594,0.2771643170511207,0.5769230769230769,26,0.0,0.0,0.03101175687379492,0.35
0.2,0.1,0.4,0.30000000000000004,-0.2659786916341368,-0.07036538167825317,-0.04878442941394926,0.29515890756626084,0.6153846153846154,26,0.0,0.0,-0.03243907846738743,0.3
0.2,0.2,0.5,0.1,-0.26774552339749197,-0.0855964761597176,-0.054922511494346876,0.24020606903100378,0.6538461538461539,26,0.0,0.0,0.04310942838538799,0.35
0.4,0.1,0.2,0.30000000000000004,-0.2710837567827224,-0.03454839840742082,-0.01381397789994023,0.4615295953580046,0.5,26,0.0,0.0,0.04323100687202805,0.3
0.2,0.2,0.4,0.2,-0.2710941917857871,-0.039590066914685904,0.0030067217054169757,0.4471546424888605,0.5,26,0.0,0.0,0.038984570110618136,0.2
0.4,0.30000000000000004,0.30000000000000004,0.0,-0.27243419668594215,-0.049048026156037365,-0.02416106490573206,0.37450993777775005,0.6153846153846154,26,0.0,0.0,0.015550775139636402,0.4
0.2,0.1,0.5,0.2,-0.27717633608474507,-0.09278333962204618,-0.05173431087914548,0.279584385497821,0.5769230769230769,26,0.0,0.0,0.02783368675015816,0.3
0.2,0.1,0.7000000000000001,0.0,-0.27978834422698634,-0.026513185635259742,0.011194006984293493,0.4928740794928453,0.5384615384615384,26,0.0,0.0,-0.02136723426120011,0.3
0.4,0.2,0.2,0.2,-0.28349124021956496,-0.07166741092754525,-0.026343801740147492,0.3414746770980783,0.6153846153846154,26,0.0,0.0,0.04099790227654299,0.3
0.30000000000000004,0.30000000000000004,0.4,0.0,-0.287661581017326,-0.06257193312900622,-0.0073619779300952886,0.3958605324281664,0.5769230769230769,26,0.0,0.0,-0.007616900043943435,0.3
0.5,0.1,0.2,0.2,-0.2975775668666003,-0.07114349330485742,-0.04399883856460352,0.35025119918739733,0.6923076923076923,26,0.0,0.0,-0.010425999115140066,0.4
0.6000000000000001,0.1,0.2,0.1,-0.300065796438399,-0.08284313957982184,-0.046233957610237374,0.34041638223329734,0.6538461538461539,26,0.0,0.0,-0.01627197216452192,0.45
0.30000000000000004,0.2,0.30000000000000004,0.2,-0.30221435436724214,-0.08797778202304521,-0.03600629811162696,0.364851745159244,0.5769230769230769,26,0.0,0.0,0.013354455314325369,0.3
0.5,0.2,0.2,0.1,-0.30387924269265015,-0.09151471974300138,-0.02406939556680513,0.35950303260339217,0.5769230769230769,26,0.0,0.0,0.017314450092844408,0.4
0.2,0.2,0.6000000000000001,0.0,-0.304592864108602,-0.07172003362489338,-0.01363495987042763,0.41809819698642026,0.5769230769230769,26,0.0,0.0,0.04038885646315739,0.3
0.5,0.2,0.30000000000000004,0.0,-0.3057663262320822,-0.0742804468483177,-0.041631963018063885,0.39765196307449197,0.6153846153846154,26,0.0,0.0,-0.005519139151531438,0.4
0.7000000000000001,0.1,0.2,0.0,-0.30850996765836136,-0.07593945959566772,-0.03680841212134292,0.3842673856736303,0.6538461538461539,26,0.0,0.0,0.020667780436465603,0.5
0.4,0.2,0.4,0.0,-0.31028504861187284,-0.07764685505837564,-0.028645553205732994,0.3844607727902118,0.6538461538461539,26,0.0,0.0,-0.012862638746728267,0.35
0.5,0.1,0.30000000000000004,0.1,-0.31088493490918195,-0.09861144808976365,-0.04287499933138809,0.35924292937416225,0.5769230769230769,26,0.0,0.0,-0.012047679243344744,0.4
0.30000000000000004,0.2,0.4,0.1,-0.32321021372813485,-0.10328138814387347,-0.035159785930740366,0.364631809361626,0.6153846153846154,26,0.0,0.0,0.0018206045334223262,0.4
0.30000000000000004,0.1,0.4,0.2,-0.32544502899996486,-0.05903167419181161,-0.016509782086841753,0.49744475000131694,0.6153846153846154,26,0.0,0.0,0.04854791131584489,0.3
0.30000000000000004,0.2,0.5,0.0,-0.3268487464097116,-0.09985425369916617,-0.031963093325445155,0.36833591323892106,0.6538461538461539,26,0.0,0.0,0.014169034298211695,0.35
0.4,0.1,0.5,0.0,-0.34331270226797095,-0.1316290660900758,-0.06020771020601461,0.3081070923764039,0.6923076923076923,26,0.0,0.0,-0.018584412075072443,0.4
0.5,0.1,0.4,0.0,-0.3437589785433406,-0.1275122973741496,-0.07900121434175941,0.3211443637801062,0.6923076923076923,26,0.0,0.0,-0.024766381817237268,0.4
0.2,0.1,0.6000000000000001,0.1,-0.3517169531893102,-0.09951561709972961,-0.060713299605513,0.44035546575045015,0.6538461538461539,26,0.0,0.0,0.04383100634170227,0.35
0.30000000000000004,0.1,0.6000000000000001,0.0,-0.35762043269254296,-0.11858647396321977,-0.03689706844290514,0.40273438757828617,0.6538461538461539,26,0.0,0.0,-0.06320257204407204,0.35
0.35,0.25,0.3,0.1,-0.35889280797424683,-0.10320314744506316,-0.02888304005581038,0.4503221070064589,0.6538461538461539,26,0.0,0.0,0.0008028683358238696,0.4
0.4,0.2,0.30000000000000004,0.1,-0.36837959681635024,-0.13060097315771355,-0.04676372643270673,0.3826641994642369,0.6923076923076923,26,0.0,0.0,0.0008028683358238644,0.4
0.4,0.1,0.4,0.1,-0.3787291851085709,-0.14034055846472412,-0.051289922154366265,0.41737409810329856,0.6153846153846154,26,0.0,0.0,0.0037424122298204414,0.4
0.6000000000000001,0.1,0.30000000000000004,0.0,-0.3949188461054647,-0.17111091584161506,-0.0920692635199101,0.3427479326219881,0.6923076923076923,26,0.0,0.0,-0.02548935137490218,0.4
0.4,0.1,0.30000000000000004,0.2,-0.40992128557565893,-0.1663619205915799,-0.051106349945869996,0.4156641197347314,0.6538461538461539,26,0.0,0.0,0.02044446825709933,0.35
0.30000000000000004,0.1,0.5,0.1,-0.41393371772449733,-0.17927580370541216,-0.07823387700379626,0.35726436972485887,0.7307692307692307,26,0.0,0.0,-0.025633796432053955,0.4
