date,symbol,isin,close,adj_close,avg_turnover_63,target_2x,p_raw,p_cal,p_dd30,asymmetry,model_dispersion,dd_model_dispersion,p05,p50,p95,p_conservative
2026-09-25,BODALCHEM,INE338D01028,202.02,202.02,285722292.7285715,404.04,0.5591428706854387,0.10859963667054176,0.32176296293271134,0.33751441023761536,0.31451480527281256,0.0060467587945606804,0.07519809144628356,0.10822203485531653,0.14930005102179478,0.07519809144628356
2026-09-25,MAHASTEEL,INE451L01014,1232.1,1232.1,14813759.785714285,2464.2,0.536032949659656,0.09930489335998322,0.1838215700334286,0.5402243781397594,0.2886284034645278,0.11493372482160222,0.06954034065771501,0.09932156499033823,0.13417569731854245,0.06954034065771501
2026-09-25,BAFNAPH,INE878I01022,350.05,350.05,5085820.637936508,700.1,0.5342573155601441,0.09862377119423141,0.16913564531509967,0.5831045904634434,0.2833606680188399,0.010554136846258055,0.06913322327389355,0.09863198159512457,0.13309498080465906,0.06913322327389355
2026-09-25,STLNETWORK,INE1VXE01018,54.61,54.61,101649069.45317459,109.22,0.5201527606059133,0.09336958813856201,0.29746273110554416,0.31388667679996896,0.2872318282303825,0.12529737599934837,0.06583931450769757,0.09276280248671759,0.12518514460480293,0.06583931450769757
2026-09-25,TBZ,INE760L01018,655.6,655.6,981425705.4303175,1311.2,0.5162613626065873,0.09196717782107801,0.38040690542943706,0.24176001147312848,0.2905439076493804,0.014025932846101208,0.06497928101945373,0.09126808858182976,0.12307332171505787,0.06497928101945373
2026-09-25,BHAGERIA,INE354C01027,394.6,394.6,33698980.21031746,789.2,0.5104015953768043,0.08989235289269121,0.32139643843042254,0.27969305861536964,0.27293032142760276,0.12685122144660832,0.06380314930221039,0.08938050320367315,0.12007692921758491,0.06380314930221039
2026-09-25,NRL,INE0JM501013,161.7,161.7,12031562.474444443,323.4,0.5096685451000655,0.08963586544644042,0.2780698962701241,0.3223501236515221,0.2651811610298787,0.025422138528549076,0.06365203090387062,0.08910497732083411,0.11976409741888307,0.06365203090387062
2026-09-25,VALIANTLAB,INE0JWS01017,124.87,124.87,10829514.983174602,249.74,0.5095730170295575,0.0896024907926238,0.2375976677293193,0.37711856201678934,0.2595683677813196,0.012082971253475377,0.0636275283398823,0.08907105108346042,0.11972338373148761,0.0636275283398823
2026-09-25,UNIVASTU,INE562X01013,138.08,138.08,19505550.08,276.16,0.5022375436790023,0.08707347419993353,0.22399687148258413,0.3887262961469689,0.25205965628422317,0.01230467155776338,0.061894567954681456,0.08655689545952913,0.1159814340962436,0.061894567954681456
2026-09-25,KANORICHEM,INE138C01024,198.55,198.55,7834725.319682539,397.1,0.501930481920802,0.08696904543010815,0.3039443304550755,0.2861347842872911,0.2633476543772284,0.086788775327726,0.06182724951423235,0.08646026550494759,0.11583784259200246,0.06182724951423235
2026-09-25,INDORAMA,INE156A01020,99.36,99.36,101988834.29190475,198.72,0.5007414082284187,0.08656572504576035,0.3321233979278678,0.26064325966146207,0.25485397356264083,0.030626511621990482,0.06156721583152621,0.08613758520818254,0.11528095690558118,0.06156721583152621
2026-09-25,CALSOFT,INE526B01014,36.12,36.12,6881039.613492063,72.24,0.5001104941696131,0.08635241572344989,0.3154847861752272,0.27371340713554365,0.25667751107281495,0.11604185257776961,0.06143017922741344,0.0859418490669681,0.11498295474965256,0.06143017922741344
2026-09-25,KABRAEXTRU,INE900B01029,846.4,846.4,189143734.54015872,1692.8,0.49983959735436456,0.08626097288727783,0.36034324264211326,0.23938557097614496,0.25653274752298355,0.0010970019634200523,0.06137184387144076,0.08584562617474642,0.11485520723600216,0.06137184387144076
2026-09-25,UEL,INE899L01030,183.73,183.73,5017104.133015873,367.46,0.4909882481053959,0.08332069983975754,0.3045248117817096,0.2736089034987525,0.24524095056187206,0.0033926027681127624,0.059460891968887784,0.08295023477937248,0.11012857459406986,0.059460891968887784
2026-09-25,MENONBE,INE071D01033,298.25,298.25,21032845.95111111,596.5,0.4900113571713876,0.08300175374347425,0.2632723463023872,0.31526954847031585,0.24672100196732016,0.06873675330153031,0.05927779469947919,0.08264194579858283,0.10972706870850693,0.05927779469947919
2026-09-25,RUBYMILLS,INE301D01026,491.85,491.85,10964082.103968255,983.7,0.48905177193129845,0.08268951514380157,0.2713746538647097,0.3047061100445488,0.251773780693324,0.11619727987557574,0.059114300077736125,0.08234011558645958,0.10933390126750601,0.059114300077736125
2026-09-25,CUBEXTUB,INE144D01012,152.24,152.24,15760279.386825396,304.48,0.4883736958595488,0.08246950573490122,0.35681796605523974,0.23112486920609246,0.26466066292728474,0.04445209119907256,0.058973321893392126,0.0821468589685295,0.10905680516900028,0.058973321893392126
2026-09-25,UNITEDPOLY,INE368U01029,46.81,46.81,5319406.801904761,93.62,0.48666406105392157,0.08191709576815143,0.2142783627616977,0.38229289561658963,0.2451013493491085,0.03139578385193245,0.05862516898186164,0.0816078816895171,0.108293304837879,0.05862516898186164
2026-09-25,GULFPETRO,INE586G01017,60.88,60.88,11710612.813492065,121.76,0.48635219757407894,0.0818166814502735,0.25847262431132645,0.31653905967127305,0.2429638458675004,0.07407648421588259,0.05856285392978621,0.08151026702696283,0.10813042419920708,0.05856285392978621
2026-09-25,CPCAP,INE521J01018,153.93,153.93,5111941.516031746,307.86,0.4860188419096074,0.08170946725215422,0.26336620432345387,0.31025038866339333,0.25004095871213616,0.10134568841951375,0.05849631146009595,0.0814060401843166,0.10795655123980583,0.05849631146009595
2026-09-25,SALSTEEL,INE658G01014,93.6,93.6,33101208.660476193,187.2,0.4834803651804198,0.080897093029485,0.2859795144523625,0.28287723050512614,0.25473455757098046,0.08888305118317069,0.05815401966974941,0.08056115002703734,0.10664036977665309,0.05815401966974941
2026-09-25,BIRLACABLE,INE800A01015,362.45,362.45,77878907.13714287,724.9,0.4828063121124826,0.08068257675657294,0.28946203716921437,0.2787328436765175,0.24355695931080415,0.134039702967191,0.0580762876362598,0.08036142604168303,0.10629319651038345,0.0580762876362598
2026-09-25,AHCL,INE0Y8W01025,31.51,31.51,442955108.40412694,63.02,0.4826838265045303,0.08064364955961038,0.32685146637414303,0.2467287372279938,0.26149113609316876,0.13164927431217371,0.05806217257708411,0.08032603023343618,0.10623021381154567,0.05806217257708411
2026-09-25,SHIVALIK,INE788J01021,408.45,408.45,22510883.787777778,816.9,0.4824855200401942,0.08058066062988464,0.27034727860793395,0.2980635168395582,0.24720915020748876,0.00809097334801051,0.05803932655810069,0.08026875347498255,0.10612831131308784,0.05803932655810069
2026-09-25,TEXMOPIPES,INE141K01013,56.91,56.91,8610033.937460318,113.82,0.47876726745060033,0.07940755866711828,0.2440443691567228,0.3253816465485567,0.240721080501392,0.09638958048667487,0.0572161000889529,0.07926199706493028,0.10423302871421357,0.0572161000889529
2026-09-25,ASAHISONG,INE228I01012,402.75,402.75,15046281.976984126,805.5,0.4784116826695735,0.07929615695702846,0.2233045289033737,0.3551032186693391,0.2432831488434859,0.06376244784653892,0.05713747718449494,0.07915292351468861,0.10405329979466907,0.05713747718449494
2026-09-25,BATLIBOI,INE177C01022,83.59,83.59,6724472.343333333,167.18,0.4783754052292922,0.07928479919055836,0.33492535948564855,0.23672378619617693,0.25697385038767345,0.19393710201215542,0.05712946136529398,0.0791415304978391,0.10403497834074973,0.05712946136529398
2026-09-25,KALYANIFRG,INE314G01014,974.25,974.25,8864362.01984127,1948.5,0.47786170623929525,0.07912412175115568,0.31461071014839115,0.2514985002062884,0.23792164540315924,0.006689237175108831,0.057016063009206475,0.0789839863589404,0.10377583569783193,0.057016063009206475
2026-09-25,OCCLLTD,INE0PK601023,167.67,167.67,12069444.675238095,335.34,0.47681868121506515,0.07879874916515096,0.20039534107072346,0.3932164727190007,0.24260649777976082,0.07214351252930243,0.05678643538299739,0.07866862895392682,0.10325135508192711,0.05678643538299739
2026-09-25,CORDSCABLE,INE792I01017,348.8,348.8,55912576.721428566,697.6,0.47678925864855926,0.07878958763739545,0.29248590870821156,0.2693790890144973,0.23919497523191466,0.09052904890081731,0.05677996983706549,0.0786582894148223,0.10323659279537653,0.05677996983706549
2026-09-25,SONAMLTD,INE00LM01029,69.37,69.37,8303110.784285714,138.74,0.47624187865517165,0.07861931412056081,0.24288781352252037,0.32368570897144366,0.24033312128600107,0.09521455282045413,0.05665980391979604,0.07849609029558774,0.10296156212200576,0.05665980391979604
2026-09-25,GEEKAYWIRE,INE669X01032,32.9,32.9,6008299.991111111,65.8,0.47279510632395627,0.07755441995135749,0.26693957257688,0.29053174545344496,0.24510263073049463,0.19492971786083957,0.05590831909468238,0.07742901957557402,0.10124108291561137,0.05590831909468238
2026-09-25,NRAIL,INE740D01017,677.25,677.25,14211121.057142857,1354.5,0.47235570372096414,0.07741956302591632,0.24619408126965495,0.31446557377274686,0.23692840664460432,0.034656238120270216,0.05581315608981409,0.07729135100970248,0.10102350841141149,0.05581315608981409
2026-09-25,BALPHARMA,INE083D01012,107.71,107.71,7350642.5014285715,215.42,0.47127460877469934,0.07708862239245269,0.24314618560387116,0.3170463982439104,0.23467907230218452,0.0947122357350201,0.055579628559619176,0.07696069373096338,0.10049820132062064,0.055579628559619176
2026-09-25,SIGMAADV,INE933B01012,946.0,946.0,223887632.565873,1892.0,0.4689109568210653,0.0763692936638875,0.32931429069262386,0.23190397690687908,0.24608699162420128,0.16703335858865748,0.05509676559285829,0.07634538095399884,0.09954586689451266,0.05509676559285829
2026-09-25,MANAKSTEEL,INE824Q01011,105.08,105.08,10556272.163015872,210.16,0.4686648702652939,0.07629473347180385,0.2777093163021017,0.2747287505069071,0.2316538249645232,0.10382704619820698,0.055048883938594695,0.07626857266222851,0.09944634938052196,0.055048883938594695
2026-09-25,PAR,INE04LG01015,131.41,131.41,10271850.161587304,262.82,0.4681841957015056,0.07614927622315341,0.3044834037946178,0.25009335574334995,0.22784189760492404,0.009530212328049181,0.05495546244481585,0.07611515435486033,0.09925220278293209,0.05495546244481585
2026-09-25,KAPSTON,INE542Z01028,535.7,535.7,54260947.62539682,1071.4,0.4661450401230452,0.07553483129268451,0.2516709336020158,0.3001333138141921,0.24557128890864982,0.02580950768459636,0.05456067269170847,0.07550988689326987,0.09843207127346906,0.05456067269170847
2026-09-25,PANACHE,INE895W01019,525.0,525.0,5659158.438095238,1050.0,0.46612120243775107,0.07552767346964488,0.18454254696849,0.40926970343885505,0.23665060703902058,0.11289862563522203,0.05455607219226206,0.07550333828750275,0.09842251725409064,0.05455607219226206
2026-09-25,LOKESHMACH,INE397H01017,340.2,340.2,12579171.667460319,680.4,0.4651406700162328,0.07523374441236519,0.23508279146564476,0.32003084506234447,0.23602137881148372,0.09334360204973977,0.05436712718805615,0.07522891645469182,0.0980301888915703,0.05436712718805615
2026-09-25,GAYAPROJ,INE336H01023,22.91,22.91,17212178.874126986,45.82,0.4649405267862885,0.07517386797561088,0.2494310657399868,0.3013813365732639,0.24005679377435407,0.13275406697980813,0.054328629912460326,0.0751639963095937,0.09795026706381021,0.054328629912460326
2026-09-25,VALIANTORG,INE565V01010,410.45,410.45,14837388.942857144,820.9,0.46473456254083706,0.07511229226639037,0.2501812774870001,0.300231468241237,0.234980771096301,0.08951457682730615,0.05428903754930152,0.07509723921372172,0.09786807694212421,0.05428903754930152
2026-09-25,ARROWGREEN,INE570D01018,905.8,905.8,29588621.87857143,1811.6,0.4637998423921261,0.07483338209041553,0.23501648919840568,0.31841758144569876,0.2371751761559636,0.056355405753890364,0.054109669542456475,0.07480262041567225,0.09749579109314331,0.054109669542456475
2026-09-25,OAL,INE959C01023,533.65,533.65,32194374.534126986,1067.3,0.46354286277663503,0.07475685601171113,0.27618021647922225,0.27068143028027236,0.2302331852591692,0.030591174114170394,0.05406044604938428,0.07471959162450531,0.09739364457575907,0.05406044604938428
2026-09-25,LANCORHOL,INE572G01025,33.59,33.59,8232950.727460317,67.18,0.46276143334093517,0.0745245600457623,0.2714524297894387,0.2745400367333968,0.22896760607614994,0.09475099702633077,0.05391100272239281,0.0744355344765576,0.09708357631925943,0.05391100272239281
2026-09-25,FILATEX,INE816B01035,106.94,106.94,479769806.0461905,213.88,0.46200252972255224,0.07429954396617572,0.2565885694528251,0.28956685063804455,0.23616541971293342,0.033385721802496465,0.05376620713433789,0.07420600237472365,0.09678322380713646,0.05376620713433789
2026-09-25,ELGIRUBCO,INE819L01012,54.96,54.96,6278729.380158731,109.92,0.4612770363480653,0.07408496984191584,0.2561166108785196,0.2892626510548962,0.23733643436765048,0.09545222043070034,0.05362809798320956,0.07402853493873818,0.09649680810831691,0.05362809798320956
2026-09-25,SHREEJISPG,INE1B6101010,752.45,752.45,674592511.4849207,1504.9,0.46084103286526057,0.07395626731433574,0.15498367534697696,0.4771874660267456,0.24150257447304782,0.10618565277204293,0.05354524402779948,0.07391786985288781,0.09632501420122803,0.05354524402779948
2026-09-25,GICL,INE947T01022,23.45,23.45,5000910.212539682,46.9,0.46051876607949005,0.07386125929941674,0.24433389102019865,0.3022964149222785,0.23598328834577167,0.08085786861221322,0.053484073894045595,0.07382864663144553,0.09619819598690728,0.053484073894045595
2026-09-25,SUBEXLTD,INE754A01055,21.41,21.41,139599749.10968253,42.82,0.4604337298710591,0.07383620674851714,0.3214441776866175,0.22970149056643224,0.23696859377878512,0.06802524718894226,0.05346794295504961,0.07380511889540615,0.09616475541481245,0.05346794295504961
