date,strategy,k,precision_2x,lift_2x,hit,dd30_rate,mean_p_cal,mean_p_dd30,base_rate_2x
2017-06-30,V9.3.1,10,0.0,0.0,0.0,0.1,0.07373012533668091,0.24201354103594422,0.07067510548523206
2017-06-30,V9.2_pcal,10,0.0,0.0,0.0,0.1,0.07373012533668093,0.24201354103594422,0.07067510548523206
2017-12-29,V9.3.1,10,0.1,17.116666666666667,1.0,0.9,0.10259503926495854,0.227805290494021,0.005842259006815969
2017-12-29,V9.2_pcal,10,0.1,17.116666666666667,1.0,0.9,0.10273330860781402,0.25458228356851265,0.005842259006815969
2018-06-29,V9.3.1,10,0.1,12.271428571428572,1.0,0.4,0.06763051399426835,0.26623617626234075,0.008149010477299184
2018-06-29,V9.2_pcal,10,0.1,12.271428571428572,1.0,0.4,0.06766577315152743,0.27404849228730244,0.008149010477299184
2018-12-31,V9.3.1,10,0.0,,0.0,0.3,0.05709079591128898,0.2647997199876607,0.0
2018-12-31,V9.2_pcal,10,0.0,,0.0,0.3,0.05709079591128898,0.2647997199876607,0.0
2019-06-28,V9.3.1,10,0.0,0.0,0.0,1.0,0.06279558768793293,0.2657638067505014,0.004172461752433936
2019-06-28,V9.2_pcal,10,0.0,0.0,0.0,1.0,0.06279558768793295,0.2657638067505014,0.004172461752433936
2019-12-31,V9.3.1,10,0.0,0.0,0.0,0.9,0.04950190283817041,0.2771086745618801,0.008915304606240713
2019-12-31,V9.2_pcal,10,0.0,0.0,0.0,0.9,0.05052958701132408,0.39544165877011334,0.008915304606240713
2020-06-30,V9.3.1,10,0.2,1.7900000000000003,1.0,0.3,0.04534352579617852,0.3691219689873951,0.11173184357541899
2020-06-30,V9.2_pcal,10,0.4,3.5800000000000005,1.0,0.2,0.04819376015930704,0.5034667861727777,0.11173184357541899
2020-12-31,V9.3.1,10,0.1,0.7935779816513763,1.0,0.3,0.06291569442922647,0.2846511548567652,0.1260115606936416
2020-12-31,V9.2_pcal,10,0.1,0.7935779816513763,1.0,0.4,0.0631437920971219,0.2899320803721789,0.1260115606936416
2021-06-30,V9.3.1,10,0.2,3.040579710144928,1.0,0.4,0.10590209804928785,0.25987607167890003,0.0657769304099142
2021-06-30,V9.2_pcal,10,0.2,3.040579710144928,1.0,0.3,0.10751540025080841,0.2726759392079886,0.0657769304099142
2021-12-31,V9.3.1,10,0.0,0.0,0.0,0.9,0.12115044572777997,0.2984991614252737,0.024163568773234202
2021-12-31,V9.2_pcal,10,0.0,0.0,0.0,0.8,0.12214180814302218,0.3079896118336697,0.024163568773234202
2022-06-30,V9.3.1,10,0.1,1.5985294117647058,1.0,0.0,0.07929842356572822,0.26715127247295056,0.062557497700092
2022-06-30,V9.2_pcal,10,0.2,3.1970588235294115,1.0,0.2,0.0904647960469208,0.2908361732624237,0.062557497700092
2022-12-30,V9.3.1,10,0.1,4.181481481481481,1.0,0.2,0.09439497121714863,0.2443999521647216,0.023914968999114262
2022-12-30,V9.2_pcal,10,0.0,0.0,0.0,0.7,0.10142258124351913,0.27750150200143925,0.023914968999114262
2023-06-30,V9.3.1,10,0.2,2.0846846846846847,1.0,0.0,0.0775504921714705,0.2923383106303393,0.09593777009507347
2023-06-30,V9.2_pcal,10,0.1,1.0423423423423424,1.0,0.0,0.08145617373681992,0.326272508820057,0.09593777009507347
2023-12-29,V9.3.1,10,0.4,6.908108108108108,1.0,0.1,0.09778846820559998,0.21071281897421193,0.057902973395931145
2023-12-29,V9.2_pcal,10,0.3,5.18108108108108,1.0,0.3,0.10288367475108558,0.24940585419601363,0.057902973395931145
2024-06-28,V9.3.1,10,0.0,0.0,0.0,0.1,0.10932988759815107,0.19940518042767008,0.0445619335347432
2024-06-28,V9.2_pcal,10,0.1,2.2440677966101696,1.0,0.1,0.11982611930256652,0.22451103616260296,0.0445619335347432
2024-12-31,V9.3.1,10,0.0,0.0,0.0,0.8,0.07099022840094504,0.24419016466451007,0.0044609665427509295
2024-12-31,V9.2_pcal,10,0.0,0.0,0.0,0.9,0.07919644199014916,0.29486753979184904,0.0044609665427509295
2025-06-30,V9.3.1,10,0.3,30.046153846153846,1.0,0.2,0.07093020628043326,0.2366895131262437,0.009984639016897081
2025-06-30,V9.2_pcal,10,0.2,20.030769230769234,1.0,0.3,0.07411061924580407,0.2732579342996805,0.009984639016897081
2025-12-31,V9.3.1,10,0.0,0.0,0.0,0.6,0.055704031108422467,0.26841875531789194,0.02733485193621868
2025-12-31,V9.2_pcal,10,0.1,3.6583333333333337,1.0,0.4,0.0642845088762947,0.30458204840181863,0.02733485193621868
