date,risk_config,share_p100,share_p50,share_p25,ladder_changed_ranking,prior_folds,train_objective,p50_allowed,p50_pr_auc_lift,p50_calibration_slope,p50_quality_reasons,p25_allowed,p25_pr_auc_lift,p25_calibration_slope,p25_quality_reasons
2017-06-30,N20_drop0.00_s0.05_c0.10,1.0,0.0,0.0,False,16,1.5764232633180708,False,0.7731638924883238,-2.720286373355595,pr_auc_lift<1.05|calibration_slope<0.25,False,0.8455329740710483,-1.1950256727113062,pr_auc_lift<1.05|calibration_slope<0.25
2017-12-29,N50_drop0.10_s0.00_c0.00,1.0,0.0,0.0,False,17,1.5748534692537655,False,0.8469076690478373,-2.2972053226550044,pr_auc_lift<1.05|calibration_slope<0.25,False,0.8406555286954194,-1.2041997248906513,pr_auc_lift<1.05|calibration_slope<0.25
2018-06-29,N20_drop0.00_s0.05_c0.10,1.0,0.0,0.0,False,18,1.6882360993604841,False,0.7864161472121959,-2.8573447117714648,pr_auc_lift<1.05|calibration_slope<0.25,False,0.8419866398764168,-1.1599708564382392,pr_auc_lift<1.05|calibration_slope<0.25
2018-12-31,N20_drop0.00_s0.05_c0.10,1.0,0.0,0.0,False,19,1.7869870639567984,False,0.7957363757527288,-3.046664120510214,pr_auc_lift<1.05|calibration_slope<0.25,False,0.8459160894284045,-1.12352571328434,pr_auc_lift<1.05|calibration_slope<0.25
2019-06-28,N20_drop0.00_s0.05_c0.10,1.0,0.0,0.0,False,20,1.6527484358706392,False,0.8151126451535179,-3.1034252376401548,pr_auc_lift<1.05|calibration_slope<0.25,False,0.8764428999895464,-0.8746315333612955,pr_auc_lift<1.05|calibration_slope<0.25
2019-12-31,N50_drop0.30_s0.15_c0.00,1.0,0.0,0.0,False,21,1.666172594780963,False,0.845505738223847,-3.012318686483215,pr_auc_lift<1.05|calibration_slope<0.25,False,0.9031749448740708,-0.6687525202682653,pr_auc_lift<1.05|calibration_slope<0.25
2020-06-30,N75_drop0.40_s0.10_c0.15,1.0,0.0,0.0,False,22,1.6012744870104012,False,0.8666018426388756,-2.914005965967637,pr_auc_lift<1.05|calibration_slope<0.25,False,0.9028890694035006,-0.6713801377009572,pr_auc_lift<1.05|calibration_slope<0.25
2020-12-31,N50_drop0.30_s0.15_c0.00,1.0,0.0,0.0,False,23,1.5405631542598088,False,0.8040267048751117,-3.308434145150113,pr_auc_lift<1.05|calibration_slope<0.25,False,0.8758212800663213,-0.8930201618494632,pr_auc_lift<1.05|calibration_slope<0.25
2021-06-30,N75_drop0.40_s0.10_c0.15,1.0,0.0,0.0,False,24,1.5767187283488646,False,0.844296414646867,-2.9330479037021138,pr_auc_lift<1.05|calibration_slope<0.25,False,0.8437715166315408,-1.2277567821641435,pr_auc_lift<1.05|calibration_slope<0.25
2021-12-31,N20_drop0.10_s0.05_c0.15,1.0,0.0,0.0,False,25,1.4520861234801354,False,0.9198309867391824,-1.8936339637799475,pr_auc_lift<1.05|calibration_slope<0.25,False,0.8562888881731273,-1.1674527627846762,pr_auc_lift<1.05|calibration_slope<0.25
2022-06-30,N100_drop0.50_s0.15_c0.00,1.0,0.0,0.0,False,26,1.6107241525938074,False,0.9357645019322866,-1.5730883154171695,pr_auc_lift<1.05|calibration_slope<0.25,False,0.858136244047486,-1.1501907766556145,pr_auc_lift<1.05|calibration_slope<0.25
2022-12-30,N100_drop0.50_s0.15_c0.00,1.0,0.0,0.0,False,27,1.5950249720354712,False,0.9594466681763273,-1.1570977578431265,pr_auc_lift<1.05|calibration_slope<0.25,False,0.8734970705066848,-1.0697620730632222,pr_auc_lift<1.05|calibration_slope<0.25
2023-06-30,N100_drop0.50_s0.15_c0.00,1.0,0.0,0.0,False,28,1.5509178945465314,False,0.9624567968358646,-0.9868522747185487,pr_auc_lift<1.05|calibration_slope<0.25,False,0.8739573536892112,-1.0671620375030575,pr_auc_lift<1.05|calibration_slope<0.25
2023-12-29,N100_drop0.50_s0.15_c0.00,1.0,0.0,0.0,False,29,1.5426707378817914,False,0.9795316493983218,-0.7518734527235116,pr_auc_lift<1.05|calibration_slope<0.25,False,0.9162397850240219,-0.685566314627724,pr_auc_lift<1.05|calibration_slope<0.25
2024-06-28,N100_drop0.50_s0.15_c0.00,1.0,0.0,0.0,False,30,1.5983457457291186,False,1.0480708017993732,-0.2564753739337878,pr_auc_lift<1.05|calibration_slope<0.25,False,0.9844019393170004,-0.1698840178470344,pr_auc_lift<1.05|calibration_slope<0.25
2024-12-31,N100_drop0.50_s0.15_c0.00,1.0,0.0,0.0,False,31,1.5884259167165151,False,1.0575137962125427,-0.12002120272309813,calibration_slope<0.25,False,1.0079129427176268,-0.05890562396560232,pr_auc_lift<1.05|calibration_slope<0.25
2025-06-30,N100_drop0.50_s0.15_c0.00,1.0,0.0,0.0,False,32,1.5137215228616026,False,1.0676821015636233,-0.11007123059228435,calibration_slope<0.25,False,0.9968494857826476,-0.15593406335935306,pr_auc_lift<1.05|calibration_slope<0.25
2025-12-31,N100_drop0.50_s0.15_c0.00,1.0,0.0,0.0,False,33,1.6575679293625674,False,1.0802378187619555,-0.06361011360853314,calibration_slope<0.25,False,0.990870771041003,-0.23000724469360098,pr_auc_lift<1.05|calibration_slope<0.25
